Sample,Mouse,Type,Diet,ASO
1,233,NonTumor,Chow,Control
2,233,Tumor,Chow,Control
3,234,NonTumor,Chow,Control
4,234,Tumor,Chow,Control
5,236,NonTumor,HFD,Control
6,236,Tumor,HFD,Control
7,283,NonTumor,HFD,Control
8,283,Tumor,HFD,Control
10,284,Tumor,HFD,Control
11,288,NonTumor,Chow,Control
13,296,NonTumor,Chow,Control
14,296,Tumor,Chow,Control
15,297,NonTumor,Chow,Control
16,297,Tumor,Chow,Control
19,302,NonTumor,HFD,Control
20,302,Tumor,HFD,Control
21,304,NonTumor,HFD,Control
22,304,Tumor,HFD,Control
23,305,NonTumor,HFD,Control
24,305,Tumor,HFD,Control
27,307,NonTumor,HFD,Control
28,307,Tumor,HFD,Control
32,1874,Tumor,HFD,Control
34,1992,Tumor,Chow,Control
37,1995,NonTumor,HFD,Control
38,1995,Tumor,HFD,Control
39,1998,NonTumor,Chow,ABAT
40,1998,Tumor,Chow,ABAT
41,2302,NonTumor,Chow,Control
42,2302,Tumor,Chow,Control
43,2304,NonTumor,Chow,ABAT
44,2304,Tumor,Chow,ABAT
46,2307,Tumor,Chow,ABAT
47,2313,NonTumor,HFD,ABAT
49,2314,NonTumor,Chow,Control
51,2316,NonTumor,Chow,ABAT
53,2317,NonTumor,Chow,ABAT
55,2318,NonTumor,Chow,ABAT
57,2320,NonTumor,HFD,ABAT
58,2320,Tumor,HFD,ABAT
59,2323,NonTumor,Chow,ABAT
62,2324,Tumor,HFD,ABAT
63,2327,NonTumor,HFD,ABAT
64,2327,Tumor,HFD,ABAT
66,2446,Tumor,Chow,Control
67,2045,NonTumor,Chow,ABAT
68,2045,Tumor,Chow,ABAT
69,2074,NonTumor,Chow,ABAT
