Sample,Mouse,Type,Diet,ASO,Status
9,284,NonTumor,HFD,Control,NA values
12,288,Tumor,Chow,Control,opposing cancer marker
17,298,NonTumor,Chow,Control,low yield
18,298,Tumor,Chow,Control,low yield
25,306,NonTumor,HFD,Control,low yield
26,306,Tumor,HFD,Control,low yield
29,1873,NonTumor,HFD,ABAT,low yield
30,1873,Tumor,HFD,ABAT,low yield
31,1874,NonTumor,HFD,Control,opposing cancer marker
33,1992,NonTumor,Chow,Control,low yield
35,1993,NonTumor,HFD,ABAT,low yield
36,1993,Tumor,HFD,ABAT,low yield
45,2307,NonTumor,Chow,ABAT,opposing cancer marker
48,2313,Tumor,HFD,ABAT,opposing cancer marker
50,2314,Tumor,Chow,Control,opposing cancer marker
52,2316,Tumor,Chow,ABAT,opposing cancer marker
54,2317,Tumor,Chow,ABAT,low yield
56,2318,Tumor,Chow,ABAT,opposing cancer marker
60,2323,Tumor,Chow,ABAT,low yield
61,2324,NonTumor,HFD,ABAT,opposing cancer marker
65,2446,NonTumor,Chow,Control,opposing cancer marker
70,2074,Tumor,Chow,ABAT,opposing cancer marker
