"gene_name","Group","mean","sem"
"Abat","NonTumor_Chow_Control",657.695772380903,81.3743321073445
"Abat","NonTumor_Chow_ABAT",82.8452144930448,17.7878929631292
"Abat","NonTumor_HFD_Control",552.53358930157,69.0644140200473
"Abat","NonTumor_HFD_ABAT",71.1903205724854,9.00585456786182
"Abat","Tumor_Chow_Control",410.2253482116,59.2005762895906
"Abat","Tumor_Chow_ABAT",63.9005529818411,22.6255148770639
"Abat","Tumor_HFD_Control",349.169380291122,27.4192512040485
"Abat","Tumor_HFD_ABAT",77.9516694820576,36.1782616506235
"Aldh5a1","NonTumor_Chow_Control",172.956868932749,10.9010224381462
"Aldh5a1","NonTumor_Chow_ABAT",162.4247290228,13.8224649686197
"Aldh5a1","NonTumor_HFD_Control",135.264023535125,13.8142607732012
"Aldh5a1","NonTumor_HFD_ABAT",143.617862070383,10.551597470151
"Aldh5a1","Tumor_Chow_Control",133.745890613471,9.54588881863131
"Aldh5a1","Tumor_Chow_ABAT",114.184100285467,17.0398981779122
"Aldh5a1","Tumor_HFD_Control",132.453378268437,9.29430367819582
"Aldh5a1","Tumor_HFD_ABAT",132.328542649079,32.9532912882055
"Slc6a6","NonTumor_Chow_Control",1151.39546507997,79.8913719852373
"Slc6a6","NonTumor_Chow_ABAT",1285.72876958105,68.7420859692645
"Slc6a6","NonTumor_HFD_Control",1037.70007122305,127.636189752495
"Slc6a6","NonTumor_HFD_ABAT",1327.83681164484,90.374879088764
"Slc6a6","Tumor_Chow_Control",1247.10006559125,80.7011802606682
"Slc6a6","Tumor_Chow_ABAT",1426.77430692782,123.057687739936
"Slc6a6","Tumor_HFD_Control",1145.32186113415,44.319558442741
"Slc6a6","Tumor_HFD_ABAT",1432.90170372016,99.5739778931985
"Slc6a8","NonTumor_Chow_Control",73.470996058871,15.0347424349206
"Slc6a8","NonTumor_Chow_ABAT",110.669801184278,8.08267334484244
"Slc6a8","NonTumor_HFD_Control",65.1582289058413,6.45182516670647
"Slc6a8","NonTumor_HFD_ABAT",97.0829999833272,4.18887005338971
"Slc6a8","Tumor_Chow_Control",91.6389905846379,15.2994532277238
"Slc6a8","Tumor_Chow_ABAT",131.676870605533,15.8717296021166
"Slc6a8","Tumor_HFD_Control",89.2596851106162,6.12868577265833
"Slc6a8","Tumor_HFD_ABAT",114.21498006165,14.257943003812
"Slc6a12","NonTumor_Chow_Control",264.822960220516,19.4992454964278
"Slc6a12","NonTumor_Chow_ABAT",201.474840021202,18.8216683501011
"Slc6a12","NonTumor_HFD_Control",270.841268238357,7.94881505506556
"Slc6a12","NonTumor_HFD_ABAT",251.216579202027,0.54593475373852
"Slc6a12","Tumor_Chow_Control",186.696746181254,28.2586888718089
"Slc6a12","Tumor_Chow_ABAT",130.060417047401,23.7312853266102
"Slc6a12","Tumor_HFD_Control",226.388444233917,13.9523804546711
"Slc6a12","Tumor_HFD_ABAT",166.96588135167,49.8966152276933
"Slc6a13","NonTumor_Chow_Control",833.089020712077,44.056208600212
"Slc6a13","NonTumor_Chow_ABAT",872.662005425487,63.4709535005948
"Slc6a13","NonTumor_HFD_Control",817.45586166964,67.6583854813355
"Slc6a13","NonTumor_HFD_ABAT",787.301784946913,11.7453621941828
"Slc6a13","Tumor_Chow_Control",670.604309687365,24.3467767641806
"Slc6a13","Tumor_Chow_ABAT",666.960943978439,70.3890571795461
"Slc6a13","Tumor_HFD_Control",633.481346202152,30.1931645004368
"Slc6a13","Tumor_HFD_ABAT",603.370436779298,92.7938468280506
"Vegfa","NonTumor_Chow_Control",240.394119608634,8.37188870580582
"Vegfa","NonTumor_Chow_ABAT",178.306393389103,5.04266833110026
"Vegfa","NonTumor_HFD_Control",230.236949333257,8.79220056560878
"Vegfa","NonTumor_HFD_ABAT",195.654606731723,16.0268311248531
"Vegfa","Tumor_Chow_Control",275.516312556823,25.3820560147191
"Vegfa","Tumor_Chow_ABAT",219.803148692771,32.2066279155189
"Vegfa","Tumor_HFD_Control",197.984891116405,7.34397464582875
"Vegfa","Tumor_HFD_ABAT",240.656134020013,24.6262728886141
"Vegfb","NonTumor_Chow_Control",131.33396923944,13.4977581422431
"Vegfb","NonTumor_Chow_ABAT",132.509358905808,7.84131650324915
"Vegfb","NonTumor_HFD_Control",120.598259431795,8.69013988761955
"Vegfb","NonTumor_HFD_ABAT",149.077049604036,10.2127727158299
"Vegfb","Tumor_Chow_Control",105.977647564534,8.81090153166183
"Vegfb","Tumor_Chow_ABAT",102.211353917449,11.7097175395963
"Vegfb","Tumor_HFD_Control",106.698917419927,4.32470121312211
"Vegfb","Tumor_HFD_ABAT",104.29121193304,23.3415095327165
"Vegfc","NonTumor_Chow_Control",39.205337762884,2.76286642940568
"Vegfc","NonTumor_Chow_ABAT",47.4939516736606,2.49154842967462
"Vegfc","NonTumor_HFD_Control",30.8451608367225,5.68111145780558
"Vegfc","NonTumor_HFD_ABAT",54.9202634478982,10.2387691739182
"Vegfc","Tumor_Chow_Control",45.9653742305274,2.78962509175227
"Vegfc","Tumor_Chow_ABAT",49.9845839266707,2.67299793880087
"Vegfc","Tumor_HFD_Control",53.9868437436278,2.83055102708111
"Vegfc","Tumor_HFD_ABAT",58.8842274788005,7.485408483078
"Vegfd","NonTumor_Chow_Control",8.75375367289386,1.05334044960495
"Vegfd","NonTumor_Chow_ABAT",15.7195790049154,1.10607600840508
"Vegfd","NonTumor_HFD_Control",6.43294288467627,1.50620083331285
"Vegfd","NonTumor_HFD_ABAT",12.4815944375278,3.17110745418515
"Vegfd","Tumor_Chow_Control",18.4188803671607,3.53453216802587
"Vegfd","Tumor_Chow_ABAT",21.8735696920604,6.34870882677824
"Vegfd","Tumor_HFD_Control",10.0309125911464,1.30043074140563
"Vegfd","Tumor_HFD_ABAT",22.269817957947,8.95273621369472
"Flt1","NonTumor_Chow_Control",78.1775978449835,3.60827816884658
"Flt1","NonTumor_Chow_ABAT",69.8226617235684,3.49270540585816
"Flt1","NonTumor_HFD_Control",81.1140032263856,5.10699806654292
"Flt1","NonTumor_HFD_ABAT",67.6091318609683,6.0965943675523
"Flt1","Tumor_Chow_Control",103.523351607317,12.0170483017083
"Flt1","Tumor_Chow_ABAT",105.071002485184,21.2449746502288
"Flt1","Tumor_HFD_Control",90.0481342568706,7.27597737483803
"Flt1","Tumor_HFD_ABAT",103.61336598911,14.7865203983347
"Flt4","NonTumor_Chow_Control",83.6967869800587,6.9913884139774
"Flt4","NonTumor_Chow_ABAT",81.9274814041985,3.57122392334162
"Flt4","NonTumor_HFD_Control",113.261941512407,8.96390397298328
"Flt4","NonTumor_HFD_ABAT",110.276360586731,12.1980843493145
"Flt4","Tumor_Chow_Control",100.428518497005,8.23578871691107
"Flt4","Tumor_Chow_ABAT",78.8150234662555,4.97649051721605
"Flt4","Tumor_HFD_Control",162.103612992405,19.1466608130762
"Flt4","Tumor_HFD_ABAT",104.95843549601,12.7105903595533
"Piezo1","NonTumor_Chow_Control",27.4749112106418,4.12773956133714
"Piezo1","NonTumor_Chow_ABAT",42.1144118331178,5.02722405640823
"Piezo1","NonTumor_HFD_Control",23.1632240930241,4.54029056353232
"Piezo1","NonTumor_HFD_ABAT",35.8393761100765,4.50616939914793
"Piezo1","Tumor_Chow_Control",41.5941814308802,5.07357563633207
"Piezo1","Tumor_Chow_ABAT",55.5849133164582,11.7758111169471
"Piezo1","Tumor_HFD_Control",31.7762597971787,2.68410484244899
"Piezo1","Tumor_HFD_ABAT",56.6275538974143,14.8787809032346
