"ensembl_id","sample","count","gene_name","Group","Batch"
"ENSMUSG00000014444","1_233_NonTumor_Chow_Control",29.8675811516809,"Piezo1","NonTumor_Chow_Control","A"
"ENSMUSG00000014444","3_234_NonTumor_Chow_Control",20.4405969415448,"Piezo1","NonTumor_Chow_Control","A"
"ENSMUSG00000014444","11_288_NonTumor_Chow_Control",19.1506875658032,"Piezo1","NonTumor_Chow_Control","A"
"ENSMUSG00000014444","13_296_NonTumor_Chow_Control",18.4056381930702,"Piezo1","NonTumor_Chow_Control","A"
"ENSMUSG00000014444","15_297_NonTumor_Chow_Control",20.3347944399743,"Piezo1","NonTumor_Chow_Control","A"
"ENSMUSG00000014444","41_2302_NonTumor_Chow_Control",46.079744589908,"Piezo1","NonTumor_Chow_Control","B"
"ENSMUSG00000014444","49_2314_NonTumor_Chow_Control",38.0453355925115,"Piezo1","NonTumor_Chow_Control","B"
"ENSMUSG00000014444","39_1998_NonTumor_Chow_ABAT",37.1924632109813,"Piezo1","NonTumor_Chow_ABAT","B"
"ENSMUSG00000014444","43_2304_NonTumor_Chow_ABAT",60.2563687238684,"Piezo1","NonTumor_Chow_ABAT","B"
"ENSMUSG00000014444","51_2316_NonTumor_Chow_ABAT",28.3061656136889,"Piezo1","NonTumor_Chow_ABAT","B"
"ENSMUSG00000014444","53_2317_NonTumor_Chow_ABAT",28.0128086656107,"Piezo1","NonTumor_Chow_ABAT","B"
"ENSMUSG00000014444","55_2318_NonTumor_Chow_ABAT",32.8249156379471,"Piezo1","NonTumor_Chow_ABAT","B"
"ENSMUSG00000014444","59_2323_NonTumor_Chow_ABAT",64.5261316551208,"Piezo1","NonTumor_Chow_ABAT","B"
"ENSMUSG00000014444","67_2045_NonTumor_Chow_ABAT",36.4717407846218,"Piezo1","NonTumor_Chow_ABAT","B"
"ENSMUSG00000014444","69_2074_NonTumor_Chow_ABAT",49.3247003731031,"Piezo1","NonTumor_Chow_ABAT","B"
"ENSMUSG00000014444","5_236_NonTumor_HFD_Control",24.316967138617,"Piezo1","NonTumor_HFD_Control","A"
"ENSMUSG00000014444","7_283_NonTumor_HFD_Control",25.122260705129,"Piezo1","NonTumor_HFD_Control","A"
"ENSMUSG00000014444","19_302_NonTumor_HFD_Control",28.533502712982,"Piezo1","NonTumor_HFD_Control","A"
"ENSMUSG00000014444","21_304_NonTumor_HFD_Control",20.8840374927995,"Piezo1","NonTumor_HFD_Control","A"
"ENSMUSG00000014444","23_305_NonTumor_HFD_Control",40.1942076223765,"Piezo1","NonTumor_HFD_Control","A"
"ENSMUSG00000014444","27_307_NonTumor_HFD_Control",23.0915929792644,"Piezo1","NonTumor_HFD_Control","A"
"ENSMUSG00000014444","37_1995_NonTumor_HFD_Control",0,"Piezo1","NonTumor_HFD_Control","B"
"ENSMUSG00000014444","47_2313_NonTumor_HFD_ABAT",32.8635202303524,"Piezo1","NonTumor_HFD_ABAT","B"
"ENSMUSG00000014444","57_2320_NonTumor_HFD_ABAT",44.6944540619029,"Piezo1","NonTumor_HFD_ABAT","B"
"ENSMUSG00000014444","63_2327_NonTumor_HFD_ABAT",29.9601540379744,"Piezo1","NonTumor_HFD_ABAT","B"
"ENSMUSG00000014444","2_233_Tumor_Chow_Control",40.2143857366266,"Piezo1","Tumor_Chow_Control","A"
"ENSMUSG00000014444","4_234_Tumor_Chow_Control",41.3390041477648,"Piezo1","Tumor_Chow_Control","A"
"ENSMUSG00000014444","14_296_Tumor_Chow_Control",27.6907059536004,"Piezo1","Tumor_Chow_Control","A"
"ENSMUSG00000014444","16_297_Tumor_Chow_Control",26.0519093997024,"Piezo1","Tumor_Chow_Control","A"
"ENSMUSG00000014444","34_1992_Tumor_Chow_Control",43.2939876572066,"Piezo1","Tumor_Chow_Control","B"
"ENSMUSG00000014444","42_2302_Tumor_Chow_Control",66.52629185898,"Piezo1","Tumor_Chow_Control","B"
"ENSMUSG00000014444","66_2446_Tumor_Chow_Control",46.0429852622808,"Piezo1","Tumor_Chow_Control","B"
"ENSMUSG00000014444","40_1998_Tumor_Chow_ABAT",51.6695267450613,"Piezo1","Tumor_Chow_ABAT","B"
"ENSMUSG00000014444","44_2304_Tumor_Chow_ABAT",85.1814342348475,"Piezo1","Tumor_Chow_ABAT","B"
"ENSMUSG00000014444","46_2307_Tumor_Chow_ABAT",57.6270894450873,"Piezo1","Tumor_Chow_ABAT","B"
"ENSMUSG00000014444","68_2045_Tumor_Chow_ABAT",27.8616028408367,"Piezo1","Tumor_Chow_ABAT","B"
"ENSMUSG00000014444","6_236_Tumor_HFD_Control",18.8683168261517,"Piezo1","Tumor_HFD_Control","A"
"ENSMUSG00000014444","8_283_Tumor_HFD_Control",21.9725311485993,"Piezo1","Tumor_HFD_Control","A"
"ENSMUSG00000014444","10_284_Tumor_HFD_Control",37.9909899404962,"Piezo1","Tumor_HFD_Control","A"
"ENSMUSG00000014444","20_302_Tumor_HFD_Control",39.9183102167372,"Piezo1","Tumor_HFD_Control","A"
"ENSMUSG00000014444","22_304_Tumor_HFD_Control",38.2272560573641,"Piezo1","Tumor_HFD_Control","A"
"ENSMUSG00000014444","24_305_Tumor_HFD_Control",37.1364943206688,"Piezo1","Tumor_HFD_Control","A"
"ENSMUSG00000014444","28_307_Tumor_HFD_Control",34.1309871931261,"Piezo1","Tumor_HFD_Control","A"
"ENSMUSG00000014444","32_1874_Tumor_HFD_Control",34.2696961593882,"Piezo1","Tumor_HFD_Control","B"
"ENSMUSG00000014444","38_1995_Tumor_HFD_Control",23.4717563120763,"Piezo1","Tumor_HFD_Control","B"
"ENSMUSG00000014444","58_2320_Tumor_HFD_ABAT",62.18619435025,"Piezo1","Tumor_HFD_ABAT","B"
"ENSMUSG00000014444","62_2324_Tumor_HFD_ABAT",79.1654313977681,"Piezo1","Tumor_HFD_ABAT","B"
"ENSMUSG00000014444","64_2327_Tumor_HFD_ABAT",28.5310359442248,"Piezo1","Tumor_HFD_ABAT","B"
"ENSMUSG00000019558","1_233_NonTumor_Chow_Control",61.7263343801406,"Slc6a8","NonTumor_Chow_Control","A"
"ENSMUSG00000019558","3_234_NonTumor_Chow_Control",55.189611742171,"Slc6a8","NonTumor_Chow_Control","A"
"ENSMUSG00000019558","11_288_NonTumor_Chow_Control",59.8458986431349,"Slc6a8","NonTumor_Chow_Control","A"
"ENSMUSG00000019558","13_296_NonTumor_Chow_Control",46.5554377824717,"Slc6a8","NonTumor_Chow_Control","A"
"ENSMUSG00000019558","15_297_NonTumor_Chow_Control",53.6099126144778,"Slc6a8","NonTumor_Chow_Control","A"
"ENSMUSG00000019558","41_2302_NonTumor_Chow_Control",161.279106064678,"Slc6a8","NonTumor_Chow_Control","B"
"ENSMUSG00000019558","49_2314_NonTumor_Chow_Control",76.0906711850229,"Slc6a8","NonTumor_Chow_Control","B"
"ENSMUSG00000019558","39_1998_NonTumor_Chow_ABAT",102.994513507333,"Slc6a8","NonTumor_Chow_ABAT","B"
"ENSMUSG00000019558","43_2304_NonTumor_Chow_ABAT",116.328267397468,"Slc6a8","NonTumor_Chow_ABAT","B"
"ENSMUSG00000019558","51_2316_NonTumor_Chow_ABAT",101.511766338747,"Slc6a8","NonTumor_Chow_ABAT","B"
"ENSMUSG00000019558","53_2317_NonTumor_Chow_ABAT",96.7715208448371,"Slc6a8","NonTumor_Chow_ABAT","B"
"ENSMUSG00000019558","55_2318_NonTumor_Chow_ABAT",107.592779035493,"Slc6a8","NonTumor_Chow_ABAT","B"
"ENSMUSG00000019558","59_2323_NonTumor_Chow_ABAT",164.900114229753,"Slc6a8","NonTumor_Chow_ABAT","B"
"ENSMUSG00000019558","67_2045_NonTumor_Chow_ABAT",97.5407020984071,"Slc6a8","NonTumor_Chow_ABAT","B"
"ENSMUSG00000019558","69_2074_NonTumor_Chow_ABAT",97.7187460221854,"Slc6a8","NonTumor_Chow_ABAT","B"
"ENSMUSG00000019558","5_236_NonTumor_HFD_Control",51.5519703338681,"Slc6a8","NonTumor_HFD_Control","A"
"ENSMUSG00000019558","7_283_NonTumor_HFD_Control",67.7208766833911,"Slc6a8","NonTumor_HFD_Control","A"
"ENSMUSG00000019558","19_302_NonTumor_HFD_Control",77.1461369647292,"Slc6a8","NonTumor_HFD_Control","A"
"ENSMUSG00000019558","21_304_NonTumor_HFD_Control",52.2100937319988,"Slc6a8","NonTumor_HFD_Control","A"
"ENSMUSG00000019558","23_305_NonTumor_HFD_Control",72.9104231289621,"Slc6a8","NonTumor_HFD_Control","A"
"ENSMUSG00000019558","27_307_NonTumor_HFD_Control",43.0343323704472,"Slc6a8","NonTumor_HFD_Control","A"
"ENSMUSG00000019558","37_1995_NonTumor_HFD_Control",91.5337691274926,"Slc6a8","NonTumor_HFD_Control","B"
"ENSMUSG00000019558","47_2313_NonTumor_HFD_ABAT",104.39000543759,"Slc6a8","NonTumor_HFD_ABAT","B"
"ENSMUSG00000019558","57_2320_NonTumor_HFD_ABAT",96.9785323984685,"Slc6a8","NonTumor_HFD_ABAT","B"
"ENSMUSG00000019558","63_2327_NonTumor_HFD_ABAT",89.8804621139231,"Slc6a8","NonTumor_HFD_ABAT","B"
"ENSMUSG00000019558","2_233_Tumor_Chow_Control",69.2061521979156,"Slc6a8","Tumor_Chow_Control","A"
"ENSMUSG00000019558","4_234_Tumor_Chow_Control",68.8983402462747,"Slc6a8","Tumor_Chow_Control","A"
"ENSMUSG00000019558","14_296_Tumor_Chow_Control",56.4890401453448,"Slc6a8","Tumor_Chow_Control","A"
"ENSMUSG00000019558","16_297_Tumor_Chow_Control",48.2442766661155,"Slc6a8","Tumor_Chow_Control","A"
"ENSMUSG00000019558","34_1992_Tumor_Chow_Control",113.045412216039,"Slc6a8","Tumor_Chow_Control","B"
"ENSMUSG00000019558","42_2302_Tumor_Chow_Control",142.856458307704,"Slc6a8","Tumor_Chow_Control","B"
"ENSMUSG00000019558","66_2446_Tumor_Chow_Control",142.733254313071,"Slc6a8","Tumor_Chow_Control","B"
"ENSMUSG00000019558","40_1998_Tumor_Chow_ABAT",97.0760805513273,"Slc6a8","Tumor_Chow_ABAT","B"
"ENSMUSG00000019558","44_2304_Tumor_Chow_ABAT",135.659321188831,"Slc6a8","Tumor_Chow_ABAT","B"
"ENSMUSG00000019558","46_2307_Tumor_Chow_ABAT",172.881268335262,"Slc6a8","Tumor_Chow_ABAT","B"
"ENSMUSG00000019558","68_2045_Tumor_Chow_ABAT",121.090812346713,"Slc6a8","Tumor_Chow_ABAT","B"
"ENSMUSG00000019558","6_236_Tumor_HFD_Control",80.7144664229824,"Slc6a8","Tumor_HFD_Control","A"
"ENSMUSG00000019558","8_283_Tumor_HFD_Control",63.9200906141071,"Slc6a8","Tumor_HFD_Control","A"
"ENSMUSG00000019558","10_284_Tumor_HFD_Control",103.84203917069,"Slc6a8","Tumor_HFD_Control","A"
"ENSMUSG00000019558","20_302_Tumor_HFD_Control",75.7424347702193,"Slc6a8","Tumor_HFD_Control","A"
"ENSMUSG00000019558","22_304_Tumor_HFD_Control",70.0833027718341,"Slc6a8","Tumor_HFD_Control","A"
"ENSMUSG00000019558","24_305_Tumor_HFD_Control",104.743958340348,"Slc6a8","Tumor_HFD_Control","A"
"ENSMUSG00000019558","28_307_Tumor_HFD_Control",85.3274679828153,"Slc6a8","Tumor_HFD_Control","A"
"ENSMUSG00000019558","32_1874_Tumor_HFD_Control",118.230451749889,"Slc6a8","Tumor_HFD_Control","B"
"ENSMUSG00000019558","38_1995_Tumor_HFD_Control",100.732954172661,"Slc6a8","Tumor_HFD_Control","B"
"ENSMUSG00000019558","58_2320_Tumor_HFD_ABAT",122.644994412993,"Slc6a8","Tumor_HFD_ABAT","B"
"ENSMUSG00000019558","62_2324_Tumor_HFD_ABAT",133.591665483734,"Slc6a8","Tumor_HFD_ABAT","B"
"ENSMUSG00000019558","64_2327_Tumor_HFD_ABAT",86.4082802882237,"Slc6a8","Tumor_HFD_ABAT","B"
"ENSMUSG00000020357","1_233_NonTumor_Chow_Control",90.5983294934322,"Flt4","NonTumor_Chow_Control","A"
"ENSMUSG00000020357","3_234_NonTumor_Chow_Control",107.31313394311,"Flt4","NonTumor_Chow_Control","A"
"ENSMUSG00000020357","11_288_NonTumor_Chow_Control",89.7688479647023,"Flt4","NonTumor_Chow_Control","A"
"ENSMUSG00000020357","13_296_NonTumor_Chow_Control",85.5320833677968,"Flt4","NonTumor_Chow_Control","A"
"ENSMUSG00000020357","15_297_NonTumor_Chow_Control",74.8690158926327,"Flt4","NonTumor_Chow_Control","A"
"ENSMUSG00000020357","41_2302_NonTumor_Chow_Control",47.7864017969416,"Flt4","NonTumor_Chow_Control","B"
"ENSMUSG00000020357","49_2314_NonTumor_Chow_Control",90.0096964017954,"Flt4","NonTumor_Chow_Control","B"
"ENSMUSG00000020357","39_1998_NonTumor_Chow_ABAT",70.5703148105798,"Flt4","NonTumor_Chow_ABAT","B"
"ENSMUSG00000020357","43_2304_NonTumor_Chow_ABAT",100.427281206447,"Flt4","NonTumor_Chow_ABAT","B"
"ENSMUSG00000020357","51_2316_NonTumor_Chow_ABAT",83.9424221647327,"Flt4","NonTumor_Chow_ABAT","B"
"ENSMUSG00000020357","53_2317_NonTumor_Chow_ABAT",89.9805369259011,"Flt4","NonTumor_Chow_ABAT","B"
"ENSMUSG00000020357","55_2318_NonTumor_Chow_ABAT",77.5032730340416,"Flt4","NonTumor_Chow_ABAT","B"
"ENSMUSG00000020357","59_2323_NonTumor_Chow_ABAT",75.2804869309743,"Flt4","NonTumor_Chow_ABAT","B"
"ENSMUSG00000020357","67_2045_NonTumor_Chow_ABAT",72.0953015509965,"Flt4","NonTumor_Chow_ABAT","B"
"ENSMUSG00000020357","69_2074_NonTumor_Chow_ABAT",85.6202346099148,"Flt4","NonTumor_Chow_ABAT","B"
"ENSMUSG00000020357","5_236_NonTumor_HFD_Control",125.475550435264,"Flt4","NonTumor_HFD_Control","A"
"ENSMUSG00000020357","7_283_NonTumor_HFD_Control",95.0276817976618,"Flt4","NonTumor_HFD_Control","A"
"ENSMUSG00000020357","19_302_NonTumor_HFD_Control",113.077214455151,"Flt4","NonTumor_HFD_Control","A"
"ENSMUSG00000020357","21_304_NonTumor_HFD_Control",130.525234329997,"Flt4","NonTumor_HFD_Control","A"
"ENSMUSG00000020357","23_305_NonTumor_HFD_Control",137.408105127659,"Flt4","NonTumor_HFD_Control","A"
"ENSMUSG00000020357","27_307_NonTumor_HFD_Control",69.2747789377931,"Flt4","NonTumor_HFD_Control","A"
"ENSMUSG00000020357","37_1995_NonTumor_HFD_Control",122.045025503323,"Flt4","NonTumor_HFD_Control","B"
"ENSMUSG00000020357","47_2313_NonTumor_HFD_ABAT",93.7576900689465,"Flt4","NonTumor_HFD_ABAT","B"
"ENSMUSG00000020357","57_2320_NonTumor_HFD_ABAT",134.083362185709,"Flt4","NonTumor_HFD_ABAT","B"
"ENSMUSG00000020357","63_2327_NonTumor_HFD_ABAT",102.988029505537,"Flt4","NonTumor_HFD_ABAT","B"
"ENSMUSG00000020357","2_233_Tumor_Chow_Control",118.77272066399,"Flt4","Tumor_Chow_Control","A"
"ENSMUSG00000020357","4_234_Tumor_Chow_Control",122.048488436258,"Flt4","Tumor_Chow_Control","A"
"ENSMUSG00000020357","14_296_Tumor_Chow_Control",93.0407720040973,"Flt4","Tumor_Chow_Control","A"
"ENSMUSG00000020357","16_297_Tumor_Chow_Control",119.645806131966,"Flt4","Tumor_Chow_Control","A"
"ENSMUSG00000020357","34_1992_Tumor_Chow_Control",105.028007094334,"Flt4","Tumor_Chow_Control","B"
"ENSMUSG00000020357","42_2302_Tumor_Chow_Control",70.0276756410316,"Flt4","Tumor_Chow_Control","B"
"ENSMUSG00000020357","66_2446_Tumor_Chow_Control",74.436159507354,"Flt4","Tumor_Chow_Control","B"
"ENSMUSG00000020357","40_1998_Tumor_Chow_ABAT",89.2473643778332,"Flt4","Tumor_Chow_ABAT","B"
"ENSMUSG00000020357","44_2304_Tumor_Chow_ABAT",85.1814342348475,"Flt4","Tumor_Chow_ABAT","B"
"ENSMUSG00000020357","46_2307_Tumor_Chow_ABAT",72.2488882595125,"Flt4","Tumor_Chow_ABAT","B"
"ENSMUSG00000020357","68_2045_Tumor_Chow_ABAT",68.5824069928288,"Flt4","Tumor_Chow_ABAT","B"
"ENSMUSG00000020357","6_236_Tumor_HFD_Control",266.252915213474,"Flt4","Tumor_HFD_Control","A"
"ENSMUSG00000020357","8_283_Tumor_HFD_Control",156.803972287731,"Flt4","Tumor_HFD_Control","A"
"ENSMUSG00000020357","10_284_Tumor_HFD_Control",85.2686663108914,"Flt4","Tumor_HFD_Control","A"
"ENSMUSG00000020357","20_302_Tumor_HFD_Control",117.707837818584,"Flt4","Tumor_HFD_Control","A"
"ENSMUSG00000020357","22_304_Tumor_HFD_Control",149.268333176374,"Flt4","Tumor_HFD_Control","A"
"ENSMUSG00000020357","24_305_Tumor_HFD_Control",230.436708348766,"Flt4","Tumor_HFD_Control","A"
"ENSMUSG00000020357","28_307_Tumor_HFD_Control",189.728134691201,"Flt4","Tumor_HFD_Control","A"
"ENSMUSG00000020357","32_1874_Tumor_HFD_Control",121.657421365828,"Flt4","Tumor_HFD_Control","B"
"ENSMUSG00000020357","38_1995_Tumor_HFD_Control",141.808527718794,"Flt4","Tumor_HFD_Control","B"
"ENSMUSG00000020357","58_2320_Tumor_HFD_ABAT",102.779960106663,"Flt4","Tumor_HFD_ABAT","B"
"ENSMUSG00000020357","62_2324_Tumor_HFD_ABAT",84.1132708601287,"Flt4","Tumor_HFD_ABAT","B"
"ENSMUSG00000020357","64_2327_Tumor_HFD_ABAT",127.982075521237,"Flt4","Tumor_HFD_ABAT","B"
"ENSMUSG00000023951","1_233_NonTumor_Chow_Control",269.803816403518,"Vegfa","NonTumor_Chow_Control","A"
"ENSMUSG00000023951","3_234_NonTumor_Chow_Control",241.199043910229,"Vegfa","NonTumor_Chow_Control","A"
"ENSMUSG00000023951","11_288_NonTumor_Chow_Control",233.399004708226,"Vegfa","NonTumor_Chow_Control","A"
"ENSMUSG00000023951","13_296_NonTumor_Chow_Control",253.348196304613,"Vegfa","NonTumor_Chow_Control","A"
"ENSMUSG00000023951","15_297_NonTumor_Chow_Control",258.806474690582,"Vegfa","NonTumor_Chow_Control","A"
"ENSMUSG00000023951","41_2302_NonTumor_Chow_Control",209.065507861619,"Vegfa","NonTumor_Chow_Control","B"
"ENSMUSG00000023951","49_2314_NonTumor_Chow_Control",217.136793381651,"Vegfa","NonTumor_Chow_Control","B"
"ENSMUSG00000023951","39_1998_NonTumor_Chow_ABAT",184.055010249215,"Vegfa","NonTumor_Chow_ABAT","B"
"ENSMUSG00000023951","43_2304_NonTumor_Chow_ABAT",175.747742111283,"Vegfa","NonTumor_Chow_ABAT","B"
"ENSMUSG00000023951","51_2316_NonTumor_Chow_ABAT",186.430263179813,"Vegfa","NonTumor_Chow_ABAT","B"
"ENSMUSG00000023951","53_2317_NonTumor_Chow_ABAT",149.401646216591,"Vegfa","NonTumor_Chow_ABAT","B"
"ENSMUSG00000023951","55_2318_NonTumor_Chow_ABAT",177.801626372213,"Vegfa","NonTumor_Chow_ABAT","B"
"ENSMUSG00000023951","59_2323_NonTumor_Chow_ABAT",175.654469505607,"Vegfa","NonTumor_Chow_ABAT","B"
"ENSMUSG00000023951","67_2045_NonTumor_Chow_ABAT",177.269623813627,"Vegfa","NonTumor_Chow_ABAT","B"
"ENSMUSG00000023951","69_2074_NonTumor_Chow_ABAT",200.090765664475,"Vegfa","NonTumor_Chow_ABAT","B"
"ENSMUSG00000023951","5_236_NonTumor_HFD_Control",251.923779556073,"Vegfa","NonTumor_HFD_Control","A"
"ENSMUSG00000023951","7_283_NonTumor_HFD_Control",200.978085641032,"Vegfa","NonTumor_HFD_Control","A"
"ENSMUSG00000023951","19_302_NonTumor_HFD_Control",233.552003687742,"Vegfa","NonTumor_HFD_Control","A"
"ENSMUSG00000023951","21_304_NonTumor_HFD_Control",206.751971178715,"Vegfa","NonTumor_HFD_Control","A"
"ENSMUSG00000023951","23_305_NonTumor_HFD_Control",214.057524314517,"Vegfa","NonTumor_HFD_Control","A"
"ENSMUSG00000023951","27_307_NonTumor_HFD_Control",260.305229948071,"Vegfa","NonTumor_HFD_Control","A"
"ENSMUSG00000023951","37_1995_NonTumor_HFD_Control",244.090051006647,"Vegfa","NonTumor_HFD_Control","B"
"ENSMUSG00000023951","47_2313_NonTumor_HFD_ABAT",187.515380137893,"Vegfa","NonTumor_HFD_ABAT","B"
"ENSMUSG00000023951","57_2320_NonTumor_HFD_ABAT",172.874775145096,"Vegfa","NonTumor_HFD_ABAT","B"
"ENSMUSG00000023951","63_2327_NonTumor_HFD_ABAT",226.573664912181,"Vegfa","NonTumor_HFD_ABAT","B"
"ENSMUSG00000023951","2_233_Tumor_Chow_Control",389.050801545039,"Vegfa","Tumor_Chow_Control","A"
"ENSMUSG00000023951","4_234_Tumor_Chow_Control",230.317308823261,"Vegfa","Tumor_Chow_Control","A"
"ENSMUSG00000023951","14_296_Tumor_Chow_Control",255.862123011268,"Vegfa","Tumor_Chow_Control","A"
"ENSMUSG00000023951","16_297_Tumor_Chow_Control",198.766419864396,"Vegfa","Tumor_Chow_Control","A"
"ENSMUSG00000023951","34_1992_Tumor_Chow_Control",246.936077748512,"Vegfa","Tumor_Chow_Control","B"
"ENSMUSG00000023951","42_2302_Tumor_Chow_Control",345.236440910286,"Vegfa","Tumor_Chow_Control","B"
"ENSMUSG00000023951","66_2446_Tumor_Chow_Control",262.445015995001,"Vegfa","Tumor_Chow_Control","B"
"ENSMUSG00000023951","40_1998_Tumor_Chow_ABAT",296.708342975428,"Vegfa","Tumor_Chow_ABAT","B"
"ENSMUSG00000023951","44_2304_Tumor_Chow_ABAT",248.445849851639,"Vegfa","Tumor_Chow_ABAT","B"
"ENSMUSG00000023951","46_2307_Tumor_Chow_ABAT",175.461585773102,"Vegfa","Tumor_Chow_ABAT","B"
"ENSMUSG00000023951","68_2045_Tumor_Chow_ABAT",158.596816170917,"Vegfa","Tumor_Chow_ABAT","B"
"ENSMUSG00000023951","6_236_Tumor_HFD_Control",219.082123148095,"Vegfa","Tumor_HFD_Control","A"
"ENSMUSG00000023951","8_283_Tumor_HFD_Control",212.734051575075,"Vegfa","Tumor_HFD_Control","A"
"ENSMUSG00000023951","10_284_Tumor_HFD_Control",177.291286388982,"Vegfa","Tumor_HFD_Control","A"
"ENSMUSG00000023951","20_302_Tumor_HFD_Control",209.827015241824,"Vegfa","Tumor_HFD_Control","A"
"ENSMUSG00000023951","22_304_Tumor_HFD_Control",196.597316866444,"Vegfa","Tumor_HFD_Control","A"
"ENSMUSG00000023951","24_305_Tumor_HFD_Control",178.064729178592,"Vegfa","Tumor_HFD_Control","A"
"ENSMUSG00000023951","28_307_Tumor_HFD_Control",233.897647529364,"Vegfa","Tumor_HFD_Control","A"
"ENSMUSG00000023951","32_1874_Tumor_HFD_Control",184.199616856712,"Vegfa","Tumor_HFD_Control","B"
"ENSMUSG00000023951","38_1995_Tumor_HFD_Control",170.170233262553,"Vegfa","Tumor_HFD_Control","B"
"ENSMUSG00000023951","58_2320_Tumor_HFD_ABAT",284.156360294892,"Vegfa","Tumor_HFD_ABAT","B"
"ENSMUSG00000023951","62_2324_Tumor_HFD_ABAT",238.909962611122,"Vegfa","Tumor_HFD_ABAT","B"
"ENSMUSG00000023951","64_2327_Tumor_HFD_ABAT",198.902079154024,"Vegfa","Tumor_HFD_ABAT","B"
"ENSMUSG00000024962","1_233_NonTumor_Chow_Control",144.359975566458,"Vegfb","NonTumor_Chow_Control","A"
"ENSMUSG00000024962","3_234_NonTumor_Chow_Control",174.767103850208,"Vegfb","NonTumor_Chow_Control","A"
"ENSMUSG00000024962","11_288_NonTumor_Chow_Control",136.448648906348,"Vegfb","NonTumor_Chow_Control","A"
"ENSMUSG00000024962","13_296_NonTumor_Chow_Control",135.335574949046,"Vegfb","NonTumor_Chow_Control","A"
"ENSMUSG00000024962","15_297_NonTumor_Chow_Control",122.933075478027,"Vegfb","NonTumor_Chow_Control","A"
"ENSMUSG00000024962","41_2302_NonTumor_Chow_Control",58.8796736426602,"Vegfb","NonTumor_Chow_Control","B"
"ENSMUSG00000024962","49_2314_NonTumor_Chow_Control",146.613732283337,"Vegfb","NonTumor_Chow_Control","B"
"ENSMUSG00000024962","39_1998_NonTumor_Chow_ABAT",137.326018009777,"Vegfb","NonTumor_Chow_ABAT","B"
"ENSMUSG00000024962","43_2304_NonTumor_Chow_ABAT",100.427281206447,"Vegfb","NonTumor_Chow_ABAT","B"
"ENSMUSG00000024962","51_2316_NonTumor_Chow_ABAT",146.411201450115,"Vegfb","NonTumor_Chow_ABAT","B"
"ENSMUSG00000024962","53_2317_NonTumor_Chow_ABAT",157.041503125393,"Vegfb","NonTumor_Chow_ABAT","B"
"ENSMUSG00000024962","55_2318_NonTumor_Chow_ABAT",122.181630430136,"Vegfb","NonTumor_Chow_ABAT","B"
"ENSMUSG00000024962","59_2323_NonTumor_Chow_ABAT",102.166375120608,"Vegfb","NonTumor_Chow_ABAT","B"
"ENSMUSG00000024962","67_2045_NonTumor_Chow_ABAT",139.101522992511,"Vegfb","NonTumor_Chow_ABAT","B"
"ENSMUSG00000024962","69_2074_NonTumor_Chow_ABAT",155.419338911476,"Vegfb","NonTumor_Chow_ABAT","B"
"ENSMUSG00000024962","5_236_NonTumor_HFD_Control",97.2678685544682,"Vegfb","NonTumor_HFD_Control","A"
"ENSMUSG00000024962","7_283_NonTumor_HFD_Control",145.27220320792,"Vegfb","NonTumor_HFD_Control","A"
"ENSMUSG00000024962","19_302_NonTumor_HFD_Control",124.701974819699,"Vegfb","NonTumor_HFD_Control","A"
"ENSMUSG00000024962","21_304_NonTumor_HFD_Control",104.420187463998,"Vegfb","NonTumor_HFD_Control","A"
"ENSMUSG00000024962","23_305_NonTumor_HFD_Control",147.690344286872,"Vegfb","NonTumor_HFD_Control","A"
"ENSMUSG00000024962","27_307_NonTumor_HFD_Control",133.301468562117,"Vegfb","NonTumor_HFD_Control","A"
"ENSMUSG00000024962","37_1995_NonTumor_HFD_Control",91.5337691274926,"Vegfb","NonTumor_HFD_Control","B"
"ENSMUSG00000024962","47_2313_NonTumor_HFD_ABAT",169.150471773872,"Vegfb","NonTumor_HFD_ABAT","B"
"ENSMUSG00000024962","57_2320_NonTumor_HFD_ABAT",135.769945357856,"Vegfb","NonTumor_HFD_ABAT","B"
"ENSMUSG00000024962","63_2327_NonTumor_HFD_ABAT",142.310731680378,"Vegfb","NonTumor_HFD_ABAT","B"
"ENSMUSG00000024962","2_233_Tumor_Chow_Control",86.0400811109221,"Vegfb","Tumor_Chow_Control","A"
"ENSMUSG00000024962","4_234_Tumor_Chow_Control",128.938322460885,"Vegfb","Tumor_Chow_Control","A"
"ENSMUSG00000024962","14_296_Tumor_Chow_Control",135.13064505357,"Vegfb","Tumor_Chow_Control","A"
"ENSMUSG00000024962","16_297_Tumor_Chow_Control",123.505348265256,"Vegfb","Tumor_Chow_Control","A"
"ENSMUSG00000024962","34_1992_Tumor_Chow_Control",102.622785557823,"Vegfb","Tumor_Chow_Control","B"
"ENSMUSG00000024962","42_2302_Tumor_Chow_Control",89.6354248205204,"Vegfb","Tumor_Chow_Control","B"
"ENSMUSG00000024962","66_2446_Tumor_Chow_Control",75.9709256827634,"Vegfb","Tumor_Chow_Control","B"
"ENSMUSG00000024962","40_1998_Tumor_Chow_ABAT",115.082127750364,"Vegfb","Tumor_Chow_ABAT","B"
"ENSMUSG00000024962","44_2304_Tumor_Chow_ABAT",85.1814342348475,"Vegfb","Tumor_Chow_ABAT","B"
"ENSMUSG00000024962","46_2307_Tumor_Chow_ABAT",79.9898405730317,"Vegfb","Tumor_Chow_ABAT","B"
"ENSMUSG00000024962","68_2045_Tumor_Chow_ABAT",128.592013111554,"Vegfb","Tumor_Chow_ABAT","B"
"ENSMUSG00000024962","6_236_Tumor_HFD_Control",80.7144664229824,"Vegfb","Tumor_HFD_Control","A"
"ENSMUSG00000024962","8_283_Tumor_HFD_Control",110.861407158842,"Vegfb","Tumor_HFD_Control","A"
"ENSMUSG00000024962","10_284_Tumor_HFD_Control",102.15355072889,"Vegfb","Tumor_HFD_Control","A"
"ENSMUSG00000024962","20_302_Tumor_HFD_Control",123.849116313467,"Vegfb","Tumor_HFD_Control","A"
"ENSMUSG00000024962","22_304_Tumor_HFD_Control",102.849522249575,"Vegfb","Tumor_HFD_Control","A"
"ENSMUSG00000024962","24_305_Tumor_HFD_Control",110.457265158912,"Vegfb","Tumor_HFD_Control","A"
"ENSMUSG00000024962","28_307_Tumor_HFD_Control",101.389109014875,"Vegfb","Tumor_HFD_Control","A"
"ENSMUSG00000024962","32_1874_Tumor_HFD_Control",123.370906173797,"Vegfb","Tumor_HFD_Control","B"
"ENSMUSG00000024962","38_1995_Tumor_HFD_Control",104.644913558007,"Vegfb","Tumor_HFD_Control","B"
"ENSMUSG00000024962","58_2320_Tumor_HFD_ABAT",115.735417262965,"Vegfb","Tumor_HFD_ABAT","B"
"ENSMUSG00000024962","62_2324_Tumor_HFD_ABAT",59.3740735483261,"Vegfb","Tumor_HFD_ABAT","B"
"ENSMUSG00000024962","64_2327_Tumor_HFD_ABAT",137.764144987828,"Vegfb","Tumor_HFD_ABAT","B"
"ENSMUSG00000029648","1_233_NonTumor_Chow_Control",79.6468830711492,"Flt1","NonTumor_Chow_Control","A"
"ENSMUSG00000029648","3_234_NonTumor_Chow_Control",86.8725370015655,"Flt1","NonTumor_Chow_Control","A"
"ENSMUSG00000029648","11_288_NonTumor_Chow_Control",64.6335705345857,"Flt1","NonTumor_Chow_Control","A"
"ENSMUSG00000029648","13_296_NonTumor_Chow_Control",88.7801371665739,"Flt1","NonTumor_Chow_Control","A"
"ENSMUSG00000029648","15_297_NonTumor_Chow_Control",85.9607219508005,"Flt1","NonTumor_Chow_Control","A"
"ENSMUSG00000029648","41_2302_NonTumor_Chow_Control",70.8262740918956,"Flt1","NonTumor_Chow_Control","B"
"ENSMUSG00000029648","49_2314_NonTumor_Chow_Control",70.5230610983139,"Flt1","NonTumor_Chow_Control","B"
"ENSMUSG00000029648","39_1998_NonTumor_Chow_ABAT",63.8947444906601,"Flt1","NonTumor_Chow_ABAT","B"
"ENSMUSG00000029648","43_2304_NonTumor_Chow_ABAT",78.6680369450505,"Flt1","NonTumor_Chow_ABAT","B"
"ENSMUSG00000029648","51_2316_NonTumor_Chow_ABAT",64.4209286380507,"Flt1","NonTumor_Chow_ABAT","B"
"ENSMUSG00000029648","53_2317_NonTumor_Chow_ABAT",61.9677282602904,"Flt1","NonTumor_Chow_ABAT","B"
"ENSMUSG00000029648","55_2318_NonTumor_Chow_ABAT",85.7095019435284,"Flt1","NonTumor_Chow_ABAT","B"
"ENSMUSG00000029648","59_2323_NonTumor_Chow_ABAT",73.4880943849987,"Flt1","NonTumor_Chow_ABAT","B"
"ENSMUSG00000029648","67_2045_NonTumor_Chow_ABAT",55.9798812043032,"Flt1","NonTumor_Chow_ABAT","B"
"ENSMUSG00000029648","69_2074_NonTumor_Chow_ABAT",74.4523779216651,"Flt1","NonTumor_Chow_ABAT","B"
"ENSMUSG00000029648","5_236_NonTumor_HFD_Control",92.4044751267447,"Flt1","NonTumor_HFD_Control","A"
"ENSMUSG00000029648","7_283_NonTumor_HFD_Control",99.3967706159451,"Flt1","NonTumor_HFD_Control","A"
"ENSMUSG00000029648","19_302_NonTumor_HFD_Control",72.9189513776207,"Flt1","NonTumor_HFD_Control","A"
"ENSMUSG00000029648","21_304_NonTumor_HFD_Control",86.668755595118,"Flt1","NonTumor_HFD_Control","A"
"ENSMUSG00000029648","23_305_NonTumor_HFD_Control",85.0621603171224,"Flt1","NonTumor_HFD_Control","A"
"ENSMUSG00000029648","27_307_NonTumor_HFD_Control",70.3243968004869,"Flt1","NonTumor_HFD_Control","A"
"ENSMUSG00000029648","37_1995_NonTumor_HFD_Control",61.0225127516617,"Flt1","NonTumor_HFD_Control","B"
"ENSMUSG00000029648","47_2313_NonTumor_HFD_ABAT",56.0612992164834,"Flt1","NonTumor_HFD_ABAT","B"
"ENSMUSG00000029648","57_2320_NonTumor_HFD_ABAT",69.9932016441121,"Flt1","NonTumor_HFD_ABAT","B"
"ENSMUSG00000029648","63_2327_NonTumor_HFD_ABAT",76.7728947223093,"Flt1","NonTumor_HFD_ABAT","B"
"ENSMUSG00000029648","2_233_Tumor_Chow_Control",156.181451581782,"Flt1","Tumor_Chow_Control","A"
"ENSMUSG00000029648","4_234_Tumor_Chow_Control",80.7094842884932,"Flt1","Tumor_Chow_Control","A"
"ENSMUSG00000029648","14_296_Tumor_Chow_Control",60.9195530979209,"Flt1","Tumor_Chow_Control","A"
"ENSMUSG00000029648","16_297_Tumor_Chow_Control",81.0503847990741,"Flt1","Tumor_Chow_Control","A"
"ENSMUSG00000029648","34_1992_Tumor_Chow_Control",116.252374264721,"Flt1","Tumor_Chow_Control","B"
"ENSMUSG00000029648","42_2302_Tumor_Chow_Control",119.047048589754,"Flt1","Tumor_Chow_Control","B"
"ENSMUSG00000029648","66_2446_Tumor_Chow_Control",110.503164629474,"Flt1","Tumor_Chow_Control","B"
"ENSMUSG00000029648","40_1998_Tumor_Chow_ABAT",111.167769663617,"Flt1","Tumor_Chow_ABAT","B"
"ENSMUSG00000029648","44_2304_Tumor_Chow_ABAT",162.475698633135,"Flt1","Tumor_Chow_ABAT","B"
"ENSMUSG00000029648","46_2307_Tumor_Chow_ABAT",79.1297347604184,"Flt1","Tumor_Chow_ABAT","B"
"ENSMUSG00000029648","68_2045_Tumor_Chow_ABAT",67.5108068835658,"Flt1","Tumor_Chow_ABAT","B"
"ENSMUSG00000029648","6_236_Tumor_HFD_Control",98.5345434254591,"Flt1","Tumor_HFD_Control","A"
"ENSMUSG00000029648","8_283_Tumor_HFD_Control",96.8788873370061,"Flt1","Tumor_HFD_Control","A"
"ENSMUSG00000029648","10_284_Tumor_HFD_Control",128.325121576787,"Flt1","Tumor_HFD_Control","A"
"ENSMUSG00000029648","20_302_Tumor_HFD_Control",69.6011562753366,"Flt1","Tumor_HFD_Control","A"
"ENSMUSG00000029648","22_304_Tumor_HFD_Control",57.3408840860461,"Flt1","Tumor_HFD_Control","A"
"ENSMUSG00000029648","24_305_Tumor_HFD_Control",87.6040378846547,"Flt1","Tumor_HFD_Control","A"
"ENSMUSG00000029648","28_307_Tumor_HFD_Control",111.427634659912,"Flt1","Tumor_HFD_Control","A"
"ENSMUSG00000029648","32_1874_Tumor_HFD_Control",73.6798467426846,"Flt1","Tumor_HFD_Control","B"
"ENSMUSG00000029648","38_1995_Tumor_HFD_Control",87.0410963239497,"Flt1","Tumor_HFD_Control","B"
"ENSMUSG00000029648","58_2320_Tumor_HFD_ABAT",100.188868675403,"Flt1","Tumor_HFD_ABAT","B"
"ENSMUSG00000029648","62_2324_Tumor_HFD_ABAT",130.764328648099,"Flt1","Tumor_HFD_ABAT","B"
"ENSMUSG00000029648","64_2327_Tumor_HFD_ABAT",79.8869006438294,"Flt1","Tumor_HFD_ABAT","B"
"ENSMUSG00000030096","1_233_NonTumor_Chow_Control",1244.48254798671,"Slc6a6","NonTumor_Chow_Control","A"
"ENSMUSG00000030096","3_234_NonTumor_Chow_Control",934.135280228598,"Slc6a6","NonTumor_Chow_Control","A"
"ENSMUSG00000030096","11_288_NonTumor_Chow_Control",933.596018832904,"Slc6a6","NonTumor_Chow_Control","A"
"ENSMUSG00000030096","13_296_NonTumor_Chow_Control",1097.84218398666,"Slc6a6","NonTumor_Chow_Control","A"
"ENSMUSG00000030096","15_297_NonTumor_Chow_Control",1282.01635855656,"Slc6a6","NonTumor_Chow_Control","A"
"ENSMUSG00000030096","41_2302_NonTumor_Chow_Control",1049.59418232568,"Slc6a6","NonTumor_Chow_Control","B"
"ENSMUSG00000030096","49_2314_NonTumor_Chow_Control",1518.10168364265,"Slc6a6","NonTumor_Chow_Control","B"
"ENSMUSG00000030096","39_1998_NonTumor_Chow_ABAT",1362.76999816647,"Slc6a6","NonTumor_Chow_ABAT","B"
"ENSMUSG00000030096","43_2304_NonTumor_Chow_ABAT",1190.0632822964,"Slc6a6","NonTumor_Chow_ABAT","B"
"ENSMUSG00000030096","51_2316_NonTumor_Chow_ABAT",1247.42343635498,"Slc6a6","NonTumor_Chow_ABAT","B"
"ENSMUSG00000030096","53_2317_NonTumor_Chow_ABAT",1529.66912774032,"Slc6a6","NonTumor_Chow_ABAT","B"
"ENSMUSG00000030096","55_2318_NonTumor_Chow_ABAT",1570.12513134847,"Slc6a6","NonTumor_Chow_ABAT","B"
"ENSMUSG00000030096","59_2323_NonTumor_Chow_ABAT",994.777863016446,"Slc6a6","NonTumor_Chow_ABAT","B"
"ENSMUSG00000030096","67_2045_NonTumor_Chow_ABAT",1137.40940446925,"Slc6a6","NonTumor_Chow_ABAT","B"
"ENSMUSG00000030096","69_2074_NonTumor_Chow_ABAT",1253.59191325604,"Slc6a6","NonTumor_Chow_ABAT","B"
"ENSMUSG00000030096","5_236_NonTumor_HFD_Control",1109.82638020648,"Slc6a6","NonTumor_HFD_Control","A"
"ENSMUSG00000030096","7_283_NonTumor_HFD_Control",1094.45674897997,"Slc6a6","NonTumor_HFD_Control","A"
"ENSMUSG00000030096","19_302_NonTumor_HFD_Control",1196.29352115169,"Slc6a6","NonTumor_HFD_Control","A"
"ENSMUSG00000030096","21_304_NonTumor_HFD_Control",1200.83215583597,"Slc6a6","NonTumor_HFD_Control","A"
"ENSMUSG00000030096","23_305_NonTumor_HFD_Control",1332.95209463974,"Slc6a6","NonTumor_HFD_Control","A"
"ENSMUSG00000030096","27_307_NonTumor_HFD_Control",1024.42703398918,"Slc6a6","NonTumor_HFD_Control","A"
"ENSMUSG00000030096","37_1995_NonTumor_HFD_Control",305.112563758309,"Slc6a6","NonTumor_HFD_Control","B"
"ENSMUSG00000030096","47_2313_NonTumor_HFD_ABAT",1151.18978218675,"Slc6a6","NonTumor_HFD_ABAT","B"
"ENSMUSG00000030096","57_2320_NonTumor_HFD_ABAT",1382.99820116077,"Slc6a6","NonTumor_HFD_ABAT","B"
"ENSMUSG00000030096","63_2327_NonTumor_HFD_ABAT",1449.32245158701,"Slc6a6","NonTumor_HFD_ABAT","B"
"ENSMUSG00000030096","2_233_Tumor_Chow_Control",1472.03356161512,"Slc6a6","Tumor_Chow_Control","A"
"ENSMUSG00000030096","4_234_Tumor_Chow_Control",936.033165345817,"Slc6a6","Tumor_Chow_Control","A"
"ENSMUSG00000030096","14_296_Tumor_Chow_Control",1185.1622148141,"Slc6a6","Tumor_Chow_Control","A"
"ENSMUSG00000030096","16_297_Tumor_Chow_Control",989.97255718869,"Slc6a6","Tumor_Chow_Control","A"
"ENSMUSG00000030096","34_1992_Tumor_Chow_Control",1407.05459885921,"Slc6a6","Tumor_Chow_Control","B"
"ENSMUSG00000030096","42_2302_Tumor_Chow_Control",1386.54797769243,"Slc6a6","Tumor_Chow_Control","B"
"ENSMUSG00000030096","66_2446_Tumor_Chow_Control",1352.89638362335,"Slc6a6","Tumor_Chow_Control","B"
"ENSMUSG00000030096","40_1998_Tumor_Chow_ABAT",1683.17397730124,"Slc6a6","Tumor_Chow_ABAT","B"
"ENSMUSG00000030096","44_2304_Tumor_Chow_ABAT",1424.42287248273,"Slc6a6","Tumor_Chow_ABAT","B"
"ENSMUSG00000030096","46_2307_Tumor_Chow_ABAT",1504.32506626056,"Slc6a6","Tumor_Chow_ABAT","B"
"ENSMUSG00000030096","68_2045_Tumor_Chow_ABAT",1095.17531166673,"Slc6a6","Tumor_Chow_ABAT","B"
"ENSMUSG00000030096","6_236_Tumor_HFD_Control",1106.9412538009,"Slc6a6","Tumor_HFD_Control","A"
"ENSMUSG00000030096","8_283_Tumor_HFD_Control",1075.65527486552,"Slc6a6","Tumor_HFD_Control","A"
"ENSMUSG00000030096","10_284_Tumor_HFD_Control",1484.18134034205,"Slc6a6","Tumor_HFD_Control","A"
"ENSMUSG00000030096","20_302_Tumor_HFD_Control",1061.41763319888,"Slc6a6","Tumor_HFD_Control","A"
"ENSMUSG00000030096","22_304_Tumor_HFD_Control",1109.50059842683,"Slc6a6","Tumor_HFD_Control","A"
"ENSMUSG00000030096","24_305_Tumor_HFD_Control",1129.33031446957,"Slc6a6","Tumor_HFD_Control","A"
"ENSMUSG00000030096","28_307_Tumor_HFD_Control",1068.09912863195,"Slc6a6","Tumor_HFD_Control","A"
"ENSMUSG00000030096","32_1874_Tumor_HFD_Control",1189.15845673077,"Slc6a6","Tumor_HFD_Control","B"
"ENSMUSG00000030096","38_1995_Tumor_HFD_Control",1083.61274974086,"Slc6a6","Tumor_HFD_Control","B"
"ENSMUSG00000030096","58_2320_Tumor_HFD_ABAT",1543.42679588746,"Slc6a6","Tumor_HFD_ABAT","B"
"ENSMUSG00000030096","62_2324_Tumor_HFD_ABAT",1521.1072175714,"Slc6a6","Tumor_HFD_ABAT","B"
"ENSMUSG00000030096","64_2327_Tumor_HFD_ABAT",1234.17109770161,"Slc6a6","Tumor_HFD_ABAT","B"
"ENSMUSG00000030108","1_233_NonTumor_Chow_Control",853.217234899685,"Slc6a13","NonTumor_Chow_Control","A"
"ENSMUSG00000030108","3_234_NonTumor_Chow_Control",832.954325367951,"Slc6a13","NonTumor_Chow_Control","A"
"ENSMUSG00000030108","11_288_NonTumor_Chow_Control",707.378521961854,"Slc6a13","NonTumor_Chow_Control","A"
"ENSMUSG00000030108","13_296_NonTumor_Chow_Control",959.258555238835,"Slc6a13","NonTumor_Chow_Control","A"
"ENSMUSG00000030108","15_297_NonTumor_Chow_Control",823.55917481896,"Slc6a13","NonTumor_Chow_Control","A"
"ENSMUSG00000030108","41_2302_NonTumor_Chow_Control",670.716282364216,"Slc6a13","NonTumor_Chow_Control","B"
"ENSMUSG00000030108","49_2314_NonTumor_Chow_Control",984.53905033304,"Slc6a13","NonTumor_Chow_Control","B"
"ENSMUSG00000030108","39_1998_NonTumor_Chow_ABAT",972.725960902587,"Slc6a13","NonTumor_Chow_ABAT","B"
"ENSMUSG00000030108","43_2304_NonTumor_Chow_ABAT",579.13065495718,"Slc6a13","NonTumor_Chow_ABAT","B"
"ENSMUSG00000030108","51_2316_NonTumor_Chow_ABAT",939.95991330974,"Slc6a13","NonTumor_Chow_ABAT","B"
"ENSMUSG00000030108","53_2317_NonTumor_Chow_ABAT",1030.53180969853,"Slc6a13","NonTumor_Chow_ABAT","B"
"ENSMUSG00000030108","55_2318_NonTumor_Chow_ABAT",825.181907009502,"Slc6a13","NonTumor_Chow_ABAT","B"
"ENSMUSG00000030108","59_2323_NonTumor_Chow_ABAT",624.648802272489,"Slc6a13","NonTumor_Chow_ABAT","B"
"ENSMUSG00000030108","67_2045_NonTumor_Chow_ABAT",977.951561038812,"Slc6a13","NonTumor_Chow_ABAT","B"
"ENSMUSG00000030108","69_2074_NonTumor_Chow_ABAT",1031.16543421506,"Slc6a13","NonTumor_Chow_ABAT","B"
"ENSMUSG00000030108","5_236_NonTumor_HFD_Control",713.946155189796,"Slc6a13","NonTumor_HFD_Control","A"
"ENSMUSG00000030108","7_283_NonTumor_HFD_Control",819.204153428119,"Slc6a13","NonTumor_HFD_Control","A"
"ENSMUSG00000030108","19_302_NonTumor_HFD_Control",637.248227256599,"Slc6a13","NonTumor_HFD_Control","A"
"ENSMUSG00000030108","21_304_NonTumor_HFD_Control",853.112931580861,"Slc6a13","NonTumor_HFD_Control","A"
"ENSMUSG00000030108","23_305_NonTumor_HFD_Control",730.973729318568,"Slc6a13","NonTumor_HFD_Control","A"
"ENSMUSG00000030108","27_307_NonTumor_HFD_Control",777.766836256131,"Slc6a13","NonTumor_HFD_Control","A"
"ENSMUSG00000030108","37_1995_NonTumor_HFD_Control",1189.9389986574,"Slc6a13","NonTumor_HFD_Control","B"
"ENSMUSG00000030108","47_2313_NonTumor_HFD_ABAT",808.055968016899,"Slc6a13","NonTumor_HFD_ABAT","B"
"ENSMUSG00000030108","57_2320_NonTumor_HFD_ABAT",767.395343327012,"Slc6a13","NonTumor_HFD_ABAT","B"
"ENSMUSG00000030108","63_2327_NonTumor_HFD_ABAT",786.454043496827,"Slc6a13","NonTumor_HFD_ABAT","B"
"ENSMUSG00000030108","2_233_Tumor_Chow_Control",617.244060143572,"Slc6a13","Tumor_Chow_Control","A"
"ENSMUSG00000030108","4_234_Tumor_Chow_Control",671.266686399419,"Slc6a13","Tumor_Chow_Control","A"
"ENSMUSG00000030108","14_296_Tumor_Chow_Control",712.204957126602,"Slc6a13","Tumor_Chow_Control","A"
"ENSMUSG00000030108","16_297_Tumor_Chow_Control",727.523692125022,"Slc6a13","Tumor_Chow_Control","A"
"ENSMUSG00000030108","34_1992_Tumor_Chow_Control",739.204752221194,"Slc6a13","Tumor_Chow_Control","B"
"ENSMUSG00000030108","42_2302_Tumor_Chow_Control",667.363748859031,"Slc6a13","Tumor_Chow_Control","B"
"ENSMUSG00000030108","66_2446_Tumor_Chow_Control",559.422270936712,"Slc6a13","Tumor_Chow_Control","B"
"ENSMUSG00000030108","40_1998_Tumor_Chow_ABAT",792.266076757607,"Slc6a13","Tumor_Chow_ABAT","B"
"ENSMUSG00000030108","44_2304_Tumor_Chow_ABAT",523.708077147581,"Slc6a13","Tumor_Chow_ABAT","B"
"ENSMUSG00000030108","46_2307_Tumor_Chow_ABAT",568.529942137354,"Slc6a13","Tumor_Chow_ABAT","B"
"ENSMUSG00000030108","68_2045_Tumor_Chow_ABAT",783.339679871217,"Slc6a13","Tumor_Chow_ABAT","B"
"ENSMUSG00000030108","6_236_Tumor_HFD_Control",577.580142844978,"Slc6a13","Tumor_HFD_Control","A"
"ENSMUSG00000030108","8_283_Tumor_HFD_Control",562.297047120973,"Slc6a13","Tumor_HFD_Control","A"
"ENSMUSG00000030108","10_284_Tumor_HFD_Control",504.858044098149,"Slc6a13","Tumor_HFD_Control","A"
"ENSMUSG00000030108","20_302_Tumor_HFD_Control",651.999066873374,"Slc6a13","Tumor_HFD_Control","A"
"ENSMUSG00000030108","22_304_Tumor_HFD_Control",755.443393514576,"Slc6a13","Tumor_HFD_Control","A"
"ENSMUSG00000030108","24_305_Tumor_HFD_Control",594.183909130701,"Slc6a13","Tumor_HFD_Control","A"
"ENSMUSG00000030108","28_307_Tumor_HFD_Control",665.554250265959,"Slc6a13","Tumor_HFD_Control","A"
"ENSMUSG00000030108","32_1874_Tumor_HFD_Control",783.06255724202,"Slc6a13","Tumor_HFD_Control","B"
"ENSMUSG00000030108","38_1995_Tumor_HFD_Control",606.353704728638,"Slc6a13","Tumor_HFD_Control","B"
"ENSMUSG00000030108","58_2320_Tumor_HFD_ABAT",750.552817921767,"Slc6a13","Tumor_HFD_ABAT","B"
"ENSMUSG00000030108","62_2324_Tumor_HFD_ABAT",431.875701643182,"Slc6a13","Tumor_HFD_ABAT","B"
"ENSMUSG00000030108","64_2327_Tumor_HFD_ABAT",627.682790772945,"Slc6a13","Tumor_HFD_ABAT","B"
"ENSMUSG00000030109","1_233_NonTumor_Chow_Control",273.786160557075,"Slc6a12","NonTumor_Chow_Control","A"
"ENSMUSG00000030109","3_234_NonTumor_Chow_Control",283.102267640396,"Slc6a12","NonTumor_Chow_Control","A"
"ENSMUSG00000030109","11_288_NonTumor_Chow_Control",245.368184436853,"Slc6a12","NonTumor_Chow_Control","A"
"ENSMUSG00000030109","13_296_NonTumor_Chow_Control",312.895849282193,"Slc6a12","NonTumor_Chow_Control","A"
"ENSMUSG00000030109","15_297_NonTumor_Chow_Control",319.810858010505,"Slc6a12","NonTumor_Chow_Control","A"
"ENSMUSG00000030109","41_2302_NonTumor_Chow_Control",166.399077685779,"Slc6a12","NonTumor_Chow_Control","B"
"ENSMUSG00000030109","49_2314_NonTumor_Chow_Control",252.398323930808,"Slc6a12","NonTumor_Chow_Control","B"
"ENSMUSG00000030109","39_1998_NonTumor_Chow_ABAT",204.081721208974,"Slc6a12","NonTumor_Chow_ABAT","B"
"ENSMUSG00000030109","43_2304_NonTumor_Chow_ABAT",118.002055417576,"Slc6a12","NonTumor_Chow_ABAT","B"
"ENSMUSG00000030109","51_2316_NonTumor_Chow_ABAT",237.186146349187,"Slc6a12","NonTumor_Chow_ABAT","B"
"ENSMUSG00000030109","53_2317_NonTumor_Chow_ABAT",226.649088294487,"Slc6a12","NonTumor_Chow_ABAT","B"
"ENSMUSG00000030109","55_2318_NonTumor_Chow_ABAT",236.157031950786,"Slc6a12","NonTumor_Chow_ABAT","B"
"ENSMUSG00000030109","59_2323_NonTumor_Chow_ABAT",129.052263310242,"Slc6a12","NonTumor_Chow_ABAT","B"
"ENSMUSG00000030109","67_2045_NonTumor_Chow_ABAT",268.024885766058,"Slc6a12","NonTumor_Chow_ABAT","B"
"ENSMUSG00000030109","69_2074_NonTumor_Chow_ABAT",192.645527872308,"Slc6a12","NonTumor_Chow_ABAT","B"
"ENSMUSG00000030109","5_236_NonTumor_HFD_Control",286.940212235681,"Slc6a12","NonTumor_HFD_Control","A"
"ENSMUSG00000030109","7_283_NonTumor_HFD_Control",253.407151460431,"Slc6a12","NonTumor_HFD_Control","A"
"ENSMUSG00000030109","19_302_NonTumor_HFD_Control",253.631135226507,"Slc6a12","NonTumor_HFD_Control","A"
"ENSMUSG00000030109","21_304_NonTumor_HFD_Control",294.464928648473,"Slc6a12","NonTumor_HFD_Control","A"
"ENSMUSG00000030109","23_305_NonTumor_HFD_Control",242.099994748733,"Slc6a12","NonTumor_HFD_Control","A"
"ENSMUSG00000030109","27_307_NonTumor_HFD_Control",290.744147966192,"Slc6a12","NonTumor_HFD_Control","A"
"ENSMUSG00000030109","37_1995_NonTumor_HFD_Control",274.601307382478,"Slc6a12","NonTumor_HFD_Control","B"
"ENSMUSG00000030109","47_2313_NonTumor_HFD_ABAT",252.275846474176,"Slc6a12","NonTumor_HFD_ABAT","B"
"ENSMUSG00000030109","57_2320_NonTumor_HFD_ABAT",250.457601063871,"Slc6a12","NonTumor_HFD_ABAT","B"
"ENSMUSG00000030109","63_2327_NonTumor_HFD_ABAT",250.916290068035,"Slc6a12","NonTumor_HFD_ABAT","B"
"ENSMUSG00000030109","2_233_Tumor_Chow_Control",200.136710410188,"Slc6a12","Tumor_Chow_Control","A"
"ENSMUSG00000030109","4_234_Tumor_Chow_Control",256.892382918253,"Slc6a12","Tumor_Chow_Control","A"
"ENSMUSG00000030109","14_296_Tumor_Chow_Control",265.830777154564,"Slc6a12","Tumor_Chow_Control","A"
"ENSMUSG00000030109","16_297_Tumor_Chow_Control",247.010696530511,"Slc6a12","Tumor_Chow_Control","A"
"ENSMUSG00000030109","34_1992_Tumor_Chow_Control",146.7185137272,"Slc6a12","Tumor_Chow_Control","B"
"ENSMUSG00000030109","42_2302_Tumor_Chow_Control",104.341236705137,"Slc6a12","Tumor_Chow_Control","B"
"ENSMUSG00000030109","66_2446_Tumor_Chow_Control",85.9469058229242,"Slc6a12","Tumor_Chow_Control","B"
"ENSMUSG00000030109","40_1998_Tumor_Chow_ABAT",121.345100689159,"Slc6a12","Tumor_Chow_ABAT","B"
"ENSMUSG00000030109","44_2304_Tumor_Chow_ABAT",94.6460380387194,"Slc6a12","Tumor_Chow_ABAT","B"
"ENSMUSG00000030109","46_2307_Tumor_Chow_ABAT",104.932909138816,"Slc6a12","Tumor_Chow_ABAT","B"
"ENSMUSG00000030109","68_2045_Tumor_Chow_ABAT",199.317620322909,"Slc6a12","Tumor_Chow_ABAT","B"
"ENSMUSG00000030109","6_236_Tumor_HFD_Control",232.709240855871,"Slc6a12","Tumor_HFD_Control","A"
"ENSMUSG00000030109","8_283_Tumor_HFD_Control",228.714074228602,"Slc6a12","Tumor_HFD_Control","A"
"ENSMUSG00000030109","10_284_Tumor_HFD_Control",165.471867296383,"Slc6a12","Tumor_HFD_Control","A"
"ENSMUSG00000030109","20_302_Tumor_HFD_Control",241.556954132051,"Slc6a12","Tumor_HFD_Control","A"
"ENSMUSG00000030109","22_304_Tumor_HFD_Control",243.926300556514,"Slc6a12","Tumor_HFD_Control","A"
"ENSMUSG00000030109","24_305_Tumor_HFD_Control",198.061303043567,"Slc6a12","Tumor_HFD_Control","A"
"ENSMUSG00000030109","28_307_Tumor_HFD_Control",311.19429499615,"Slc6a12","Tumor_HFD_Control","A"
"ENSMUSG00000030109","32_1874_Tumor_HFD_Control",185.056359260696,"Slc6a12","Tumor_HFD_Control","B"
"ENSMUSG00000030109","38_1995_Tumor_HFD_Control",230.805603735417,"Slc6a12","Tumor_HFD_Control","B"
"ENSMUSG00000030109","58_2320_Tumor_HFD_ABAT",206.42361735708,"Slc6a12","Tumor_HFD_ABAT","B"
"ENSMUSG00000030109","62_2324_Tumor_HFD_ABAT",67.8560840552298,"Slc6a12","Tumor_HFD_ABAT","B"
"ENSMUSG00000030109","64_2327_Tumor_HFD_ABAT",226.6179426427,"Slc6a12","Tumor_HFD_ABAT","B"
"ENSMUSG00000031380","1_233_NonTumor_Chow_Control",10.951446422283,"Vegfd","NonTumor_Chow_Control","A"
"ENSMUSG00000031380","3_234_NonTumor_Chow_Control",5.1101492353862,"Vegfd","NonTumor_Chow_Control","A"
"ENSMUSG00000031380","11_288_NonTumor_Chow_Control",9.57534378290158,"Vegfd","NonTumor_Chow_Control","A"
"ENSMUSG00000031380","13_296_NonTumor_Chow_Control",12.9922151951084,"Vegfd","NonTumor_Chow_Control","A"
"ENSMUSG00000031380","15_297_NonTumor_Chow_Control",7.39447070544521,"Vegfd","NonTumor_Chow_Control","A"
"ENSMUSG00000031380","41_2302_NonTumor_Chow_Control",5.9733002246177,"Vegfd","NonTumor_Chow_Control","B"
"ENSMUSG00000031380","49_2314_NonTumor_Chow_Control",9.27935014451499,"Vegfd","NonTumor_Chow_Control","B"
"ENSMUSG00000031380","39_1998_NonTumor_Chow_ABAT",14.3047935426851,"Vegfd","NonTumor_Chow_ABAT","B"
"ENSMUSG00000031380","43_2304_NonTumor_Chow_ABAT",12.5534101508059,"Vegfd","NonTumor_Chow_ABAT","B"
"ENSMUSG00000031380","51_2316_NonTumor_Chow_ABAT",14.6411201450115,"Vegfd","NonTumor_Chow_ABAT","B"
"ENSMUSG00000031380","53_2317_NonTumor_Chow_ABAT",16.9774597973398,"Vegfd","NonTumor_Chow_ABAT","B"
"ENSMUSG00000031380","55_2318_NonTumor_Chow_ABAT",16.4124578189735,"Vegfd","NonTumor_Chow_ABAT","B"
"ENSMUSG00000031380","59_2323_NonTumor_Chow_ABAT",11.6505515488413,"Vegfd","NonTumor_Chow_ABAT","B"
"ENSMUSG00000031380","67_2045_NonTumor_Chow_ABAT",17.8117803831874,"Vegfd","NonTumor_Chow_ABAT","B"
"ENSMUSG00000031380","69_2074_NonTumor_Chow_ABAT",21.4050586524787,"Vegfd","NonTumor_Chow_ABAT","B"
"ENSMUSG00000031380","5_236_NonTumor_HFD_Control",5.83607211326809,"Vegfd","NonTumor_HFD_Control","A"
"ENSMUSG00000031380","7_283_NonTumor_HFD_Control",8.7381776365666,"Vegfd","NonTumor_HFD_Control","A"
"ENSMUSG00000031380","19_302_NonTumor_HFD_Control",4.22718558710845,"Vegfd","NonTumor_HFD_Control","A"
"ENSMUSG00000031380","21_304_NonTumor_HFD_Control",5.22100937319988,"Vegfd","NonTumor_HFD_Control","A"
"ENSMUSG00000031380","23_305_NonTumor_HFD_Control",8.41274113026485,"Vegfd","NonTumor_HFD_Control","A"
"ENSMUSG00000031380","27_307_NonTumor_HFD_Control",12.595414352326,"Vegfd","NonTumor_HFD_Control","A"
"ENSMUSG00000031380","37_1995_NonTumor_HFD_Control",0,"Vegfd","NonTumor_HFD_Control","B"
"ENSMUSG00000031380","47_2313_NonTumor_HFD_ABAT",17.3983342395983,"Vegfd","NonTumor_HFD_ABAT","B"
"ENSMUSG00000031380","57_2320_NonTumor_HFD_ABAT",13.4926653771782,"Vegfd","NonTumor_HFD_ABAT","B"
"ENSMUSG00000031380","63_2327_NonTumor_HFD_ABAT",6.55378369580689,"Vegfd","NonTumor_HFD_ABAT","B"
"ENSMUSG00000031380","2_233_Tumor_Chow_Control",18.7043654588961,"Vegfd","Tumor_Chow_Control","A"
"ENSMUSG00000031380","4_234_Tumor_Chow_Control",20.6695020738824,"Vegfd","Tumor_Chow_Control","A"
"ENSMUSG00000031380","14_296_Tumor_Chow_Control",6.6457694288641,"Vegfd","Tumor_Chow_Control","A"
"ENSMUSG00000031380","16_297_Tumor_Chow_Control",10.6137408665454,"Vegfd","Tumor_Chow_Control","A"
"ENSMUSG00000031380","34_1992_Tumor_Chow_Control",30.4661394624787,"Vegfd","Tumor_Chow_Control","B"
"ENSMUSG00000031380","42_2302_Tumor_Chow_Control",11.9047048589754,"Vegfd","Tumor_Chow_Control","B"
"ENSMUSG00000031380","66_2446_Tumor_Chow_Control",29.9279404204825,"Vegfd","Tumor_Chow_Control","B"
"ENSMUSG00000031380","40_1998_Tumor_Chow_ABAT",39.1435808674707,"Vegfd","Tumor_Chow_ABAT","B"
"ENSMUSG00000031380","44_2304_Tumor_Chow_ABAT",23.6615095096799,"Vegfd","Tumor_Chow_ABAT","B"
"ENSMUSG00000031380","46_2307_Tumor_Chow_ABAT",12.9015871891987,"Vegfd","Tumor_Chow_ABAT","B"
"ENSMUSG00000031380","68_2045_Tumor_Chow_ABAT",11.7876012018924,"Vegfd","Tumor_Chow_ABAT","B"
"ENSMUSG00000031380","6_236_Tumor_HFD_Control",6.28943894205058,"Vegfd","Tumor_HFD_Control","A"
"ENSMUSG00000031380","8_283_Tumor_HFD_Control",12.9837684059905,"Vegfd","Tumor_HFD_Control","A"
"ENSMUSG00000031380","10_284_Tumor_HFD_Control",5.06546532539949,"Vegfd","Tumor_HFD_Control","A"
"ENSMUSG00000031380","20_302_Tumor_HFD_Control",13.3061034055791,"Vegfd","Tumor_HFD_Control","A"
"ENSMUSG00000031380","22_304_Tumor_HFD_Control",8.19155486943516,"Vegfd","Tumor_HFD_Control","A"
"ENSMUSG00000031380","24_305_Tumor_HFD_Control",9.52217803094073,"Vegfd","Tumor_HFD_Control","A"
"ENSMUSG00000031380","28_307_Tumor_HFD_Control",7.02696795152597,"Vegfd","Tumor_HFD_Control","A"
"ENSMUSG00000031380","32_1874_Tumor_HFD_Control",17.1348480796941,"Vegfd","Tumor_HFD_Control","B"
"ENSMUSG00000031380","38_1995_Tumor_HFD_Control",10.7578883097016,"Vegfd","Tumor_HFD_Control","B"
"ENSMUSG00000031380","58_2320_Tumor_HFD_ABAT",38.8663714689063,"Vegfd","Tumor_HFD_ABAT","B"
"ENSMUSG00000031380","62_2324_Tumor_HFD_ABAT",19.791357849442,"Vegfd","Tumor_HFD_ABAT","B"
"ENSMUSG00000031380","64_2327_Tumor_HFD_ABAT",8.1517245554928,"Vegfd","Tumor_HFD_ABAT","B"
"ENSMUSG00000031520","1_233_NonTumor_Chow_Control",40.8190275739639,"Vegfc","NonTumor_Chow_Control","A"
"ENSMUSG00000031520","3_234_NonTumor_Chow_Control",32.7049551064717,"Vegfc","NonTumor_Chow_Control","A"
"ENSMUSG00000031520","11_288_NonTumor_Chow_Control",37.1044571587436,"Vegfc","NonTumor_Chow_Control","A"
"ENSMUSG00000031520","13_296_NonTumor_Chow_Control",33.5632225873633,"Vegfc","NonTumor_Chow_Control","A"
"ENSMUSG00000031520","15_297_NonTumor_Chow_Control",32.3508093363228,"Vegfc","NonTumor_Chow_Control","A"
"ENSMUSG00000031520","41_2302_NonTumor_Chow_Control",47.7864017969416,"Vegfc","NonTumor_Chow_Control","B"
"ENSMUSG00000031520","49_2314_NonTumor_Chow_Control",50.1084907803809,"Vegfc","NonTumor_Chow_Control","B"
"ENSMUSG00000031520","39_1998_NonTumor_Chow_ABAT",44.8216864337466,"Vegfc","NonTumor_Chow_ABAT","B"
"ENSMUSG00000031520","43_2304_NonTumor_Chow_ABAT",56.9087926836535,"Vegfc","NonTumor_Chow_ABAT","B"
"ENSMUSG00000031520","51_2316_NonTumor_Chow_ABAT",35.1386883480277,"Vegfc","NonTumor_Chow_ABAT","B"
"ENSMUSG00000031520","53_2317_NonTumor_Chow_ABAT",51.7812523818865,"Vegfc","NonTumor_Chow_ABAT","B"
"ENSMUSG00000031520","55_2318_NonTumor_Chow_ABAT",48.3255702447554,"Vegfc","NonTumor_Chow_ABAT","B"
"ENSMUSG00000031520","59_2323_NonTumor_Chow_ABAT",44.8098136493895,"Vegfc","NonTumor_Chow_ABAT","B"
"ENSMUSG00000031520","67_2045_NonTumor_Chow_ABAT",43.2571809305979,"Vegfc","NonTumor_Chow_ABAT","B"
"ENSMUSG00000031520","69_2074_NonTumor_Chow_ABAT",54.908628717228,"Vegfc","NonTumor_Chow_ABAT","B"
"ENSMUSG00000031520","5_236_NonTumor_HFD_Control",32.0983966229745,"Vegfc","NonTumor_HFD_Control","A"
"ENSMUSG00000031520","7_283_NonTumor_HFD_Control",40.4140715691205,"Vegfc","NonTumor_HFD_Control","A"
"ENSMUSG00000031520","19_302_NonTumor_HFD_Control",38.044670283976,"Vegfc","NonTumor_HFD_Control","A"
"ENSMUSG00000031520","21_304_NonTumor_HFD_Control",30.2818543645593,"Vegfc","NonTumor_HFD_Control","A"
"ENSMUSG00000031520","23_305_NonTumor_HFD_Control",46.7374507236936,"Vegfc","NonTumor_HFD_Control","A"
"ENSMUSG00000031520","27_307_NonTumor_HFD_Control",28.3396822927335,"Vegfc","NonTumor_HFD_Control","A"
"ENSMUSG00000031520","37_1995_NonTumor_HFD_Control",0,"Vegfc","NonTumor_HFD_Control","B"
"ENSMUSG00000031520","47_2313_NonTumor_HFD_ABAT",51.2284285943728,"Vegfc","NonTumor_HFD_ABAT","B"
"ENSMUSG00000031520","57_2320_NonTumor_HFD_ABAT",74.2096595744803,"Vegfc","NonTumor_HFD_ABAT","B"
"ENSMUSG00000031520","63_2327_NonTumor_HFD_ABAT",39.3227021748414,"Vegfc","NonTumor_HFD_ABAT","B"
"ENSMUSG00000031520","2_233_Tumor_Chow_Control",41.1496040095714,"Vegfc","Tumor_Chow_Control","A"
"ENSMUSG00000031520","4_234_Tumor_Chow_Control",40.3547421442466,"Vegfc","Tumor_Chow_Control","A"
"ENSMUSG00000031520","14_296_Tumor_Chow_Control",37.6593600968965,"Vegfc","Tumor_Chow_Control","A"
"ENSMUSG00000031520","16_297_Tumor_Chow_Control",46.3145055994709,"Vegfc","Tumor_Chow_Control","A"
"ENSMUSG00000031520","34_1992_Tumor_Chow_Control",48.1044307302295,"Vegfc","Tumor_Chow_Control","B"
"ENSMUSG00000031520","42_2302_Tumor_Chow_Control",48.3190961923118,"Vegfc","Tumor_Chow_Control","B"
"ENSMUSG00000031520","66_2446_Tumor_Chow_Control",59.8558808409651,"Vegfc","Tumor_Chow_Control","B"
"ENSMUSG00000031520","40_1998_Tumor_Chow_ABAT",54.0181415971096,"Vegfc","Tumor_Chow_ABAT","B"
"ENSMUSG00000031520","44_2304_Tumor_Chow_ABAT",51.2666039376397,"Vegfc","Tumor_Chow_ABAT","B"
"ENSMUSG00000031520","46_2307_Tumor_Chow_ABAT",42.1451848180489,"Vegfc","Tumor_Chow_ABAT","B"
"ENSMUSG00000031520","68_2045_Tumor_Chow_ABAT",52.5084053538845,"Vegfc","Tumor_Chow_ABAT","B"
"ENSMUSG00000031520","6_236_Tumor_HFD_Control",53.4602310074299,"Vegfc","Tumor_HFD_Control","A"
"ENSMUSG00000031520","8_283_Tumor_HFD_Control",53.9325764556529,"Vegfc","Tumor_HFD_Control","A"
"ENSMUSG00000031520","10_284_Tumor_HFD_Control",41.3679668240958,"Vegfc","Tumor_HFD_Control","A"
"ENSMUSG00000031520","20_302_Tumor_HFD_Control",50.1537743748749,"Vegfc","Tumor_HFD_Control","A"
"ENSMUSG00000031520","22_304_Tumor_HFD_Control",44.5984654002581,"Vegfc","Tumor_HFD_Control","A"
"ENSMUSG00000031520","24_305_Tumor_HFD_Control",59.0375037918325,"Vegfc","Tumor_HFD_Control","A"
"ENSMUSG00000031520","28_307_Tumor_HFD_Control",52.2003333541929,"Vegfc","Tumor_HFD_Control","A"
"ENSMUSG00000031520","32_1874_Tumor_HFD_Control",68.5393923187764,"Vegfc","Tumor_HFD_Control","B"
"ENSMUSG00000031520","38_1995_Tumor_HFD_Control",62.5913501655368,"Vegfc","Tumor_HFD_Control","B"
"ENSMUSG00000031520","58_2320_Tumor_HFD_ABAT",64.7772857815104,"Vegfc","Tumor_HFD_ABAT","B"
"ENSMUSG00000031520","62_2324_Tumor_HFD_ABAT",67.8560840552298,"Vegfc","Tumor_HFD_ABAT","B"
"ENSMUSG00000031520","64_2327_Tumor_HFD_ABAT",44.0193125996611,"Vegfc","Tumor_HFD_ABAT","B"
"ENSMUSG00000035936","1_233_NonTumor_Chow_Control",177.214314833307,"Aldh5a1","NonTumor_Chow_Control","A"
"ENSMUSG00000035936","3_234_NonTumor_Chow_Control",191.119581403444,"Aldh5a1","NonTumor_Chow_Control","A"
"ENSMUSG00000035936","11_288_NonTumor_Chow_Control",180.734613902267,"Aldh5a1","NonTumor_Chow_Control","A"
"ENSMUSG00000035936","13_296_NonTumor_Chow_Control",181.891012731517,"Aldh5a1","NonTumor_Chow_Control","A"
"ENSMUSG00000035936","15_297_NonTumor_Chow_Control",187.634694150672,"Aldh5a1","NonTumor_Chow_Control","A"
"ENSMUSG00000035936","41_2302_NonTumor_Chow_Control",108.372732646635,"Aldh5a1","NonTumor_Chow_Control","B"
"ENSMUSG00000035936","49_2314_NonTumor_Chow_Control",183.731132861397,"Aldh5a1","NonTumor_Chow_Control","B"
"ENSMUSG00000035936","39_1998_NonTumor_Chow_ABAT",174.518481220758,"Aldh5a1","NonTumor_Chow_ABAT","B"
"ENSMUSG00000035936","43_2304_NonTumor_Chow_ABAT",100.427281206447,"Aldh5a1","NonTumor_Chow_ABAT","B"
"ENSMUSG00000035936","51_2316_NonTumor_Chow_ABAT",182.525964474477,"Aldh5a1","NonTumor_Chow_ABAT","B"
"ENSMUSG00000035936","53_2317_NonTumor_Chow_ABAT",207.125009527546,"Aldh5a1","NonTumor_Chow_ABAT","B"
"ENSMUSG00000035936","55_2318_NonTumor_Chow_ABAT",176.889823160048,"Aldh5a1","NonTumor_Chow_ABAT","B"
"ENSMUSG00000035936","59_2323_NonTumor_Chow_ABAT",103.958767666584,"Aldh5a1","NonTumor_Chow_ABAT","B"
"ENSMUSG00000035936","67_2045_NonTumor_Chow_ABAT",188.295964050838,"Aldh5a1","NonTumor_Chow_ABAT","B"
"ENSMUSG00000035936","69_2074_NonTumor_Chow_ABAT",165.656540875705,"Aldh5a1","NonTumor_Chow_ABAT","B"
"ENSMUSG00000035936","5_236_NonTumor_HFD_Control",141.038409403979,"Aldh5a1","NonTumor_HFD_Control","A"
"ENSMUSG00000035936","7_283_NonTumor_HFD_Control",141.995386594207,"Aldh5a1","NonTumor_HFD_Control","A"
"ENSMUSG00000035936","19_302_NonTumor_HFD_Control",183.882573039218,"Aldh5a1","NonTumor_HFD_Control","A"
"ENSMUSG00000035936","21_304_NonTumor_HFD_Control",140.967253076397,"Aldh5a1","NonTumor_HFD_Control","A"
"ENSMUSG00000035936","23_305_NonTumor_HFD_Control",138.342854142133,"Aldh5a1","NonTumor_HFD_Control","A"
"ENSMUSG00000035936","27_307_NonTumor_HFD_Control",139.59917573828,"Aldh5a1","NonTumor_HFD_Control","A"
"ENSMUSG00000035936","37_1995_NonTumor_HFD_Control",61.0225127516617,"Aldh5a1","NonTumor_HFD_Control","B"
"ENSMUSG00000035936","47_2313_NonTumor_HFD_ABAT",147.885841036586,"Aldh5a1","NonTumor_HFD_ABAT","B"
"ENSMUSG00000035936","57_2320_NonTumor_HFD_ABAT",159.382109767918,"Aldh5a1","NonTumor_HFD_ABAT","B"
"ENSMUSG00000035936","63_2327_NonTumor_HFD_ABAT",123.585635406644,"Aldh5a1","NonTumor_HFD_ABAT","B"
"ENSMUSG00000035936","2_233_Tumor_Chow_Control",145.89405057939,"Aldh5a1","Tumor_Chow_Control","A"
"ENSMUSG00000035936","4_234_Tumor_Chow_Control",144.686514517177,"Aldh5a1","Tumor_Chow_Control","A"
"ENSMUSG00000035936","14_296_Tumor_Chow_Control",129.59250386285,"Aldh5a1","Tumor_Chow_Control","A"
"ENSMUSG00000035936","16_297_Tumor_Chow_Control",166.92519726476,"Aldh5a1","Tumor_Chow_Control","A"
"ENSMUSG00000035936","34_1992_Tumor_Chow_Control",148.321994751541,"Aldh5a1","Tumor_Chow_Control","B"
"ENSMUSG00000035936","42_2302_Tumor_Chow_Control",98.7390226538545,"Aldh5a1","Tumor_Chow_Control","B"
"ENSMUSG00000035936","66_2446_Tumor_Chow_Control",102.061950664723,"Aldh5a1","Tumor_Chow_Control","B"
"ENSMUSG00000035936","40_1998_Tumor_Chow_ABAT",133.0881749494,"Aldh5a1","Tumor_Chow_ABAT","B"
"ENSMUSG00000035936","44_2304_Tumor_Chow_ABAT",91.4911701040955,"Aldh5a1","Tumor_Chow_ABAT","B"
"ENSMUSG00000035936","46_2307_Tumor_Chow_ABAT",79.9898405730317,"Aldh5a1","Tumor_Chow_ABAT","B"
"ENSMUSG00000035936","68_2045_Tumor_Chow_ABAT",152.167215515339,"Aldh5a1","Tumor_Chow_ABAT","B"
"ENSMUSG00000035936","6_236_Tumor_HFD_Control",138.367656725113,"Aldh5a1","Tumor_HFD_Control","A"
"ENSMUSG00000035936","8_283_Tumor_HFD_Control",98.8763901686969,"Aldh5a1","Tumor_HFD_Control","A"
"ENSMUSG00000035936","10_284_Tumor_HFD_Control",93.7111085198905,"Aldh5a1","Tumor_HFD_Control","A"
"ENSMUSG00000035936","20_302_Tumor_HFD_Control",140.225858966487,"Aldh5a1","Tumor_HFD_Control","A"
"ENSMUSG00000035936","22_304_Tumor_HFD_Control",132.885223437504,"Aldh5a1","Tumor_HFD_Control","A"
"ENSMUSG00000035936","24_305_Tumor_HFD_Control",135.214928039358,"Aldh5a1","Tumor_HFD_Control","A"
"ENSMUSG00000035936","28_307_Tumor_HFD_Control",110.423782095408,"Aldh5a1","Tumor_HFD_Control","A"
"ENSMUSG00000035936","32_1874_Tumor_HFD_Control",172.205223200926,"Aldh5a1","Tumor_HFD_Control","B"
"ENSMUSG00000035936","38_1995_Tumor_HFD_Control",170.170233262553,"Aldh5a1","Tumor_HFD_Control","B"
"ENSMUSG00000035936","58_2320_Tumor_HFD_ABAT",166.69354874442,"Aldh5a1","Tumor_HFD_ABAT","B"
"ENSMUSG00000035936","62_2324_Tumor_HFD_ABAT",66.4424156374126,"Aldh5a1","Tumor_HFD_ABAT","B"
"ENSMUSG00000035936","64_2327_Tumor_HFD_ABAT",163.849663565405,"Aldh5a1","Tumor_HFD_ABAT","B"
"ENSMUSG00000057880","1_233_NonTumor_Chow_Control",653.104441183423,"Abat","NonTumor_Chow_Control","A"
"ENSMUSG00000057880","3_234_NonTumor_Chow_Control",712.354803412837,"Abat","NonTumor_Chow_Control","A"
"ENSMUSG00000057880","11_288_NonTumor_Chow_Control",660.698721020209,"Abat","NonTumor_Chow_Control","A"
"ENSMUSG00000057880","13_296_NonTumor_Chow_Control",873.726471871038,"Abat","NonTumor_Chow_Control","A"
"ENSMUSG00000057880","15_297_NonTumor_Chow_Control",854.985675317102,"Abat","NonTumor_Chow_Control","A"
"ENSMUSG00000057880","41_2302_NonTumor_Chow_Control",223.572094121405,"Abat","NonTumor_Chow_Control","B"
"ENSMUSG00000057880","49_2314_NonTumor_Chow_Control",625.42819974031,"Abat","NonTumor_Chow_Control","B"
"ENSMUSG00000057880","39_1998_NonTumor_Chow_ABAT",74.3849264219625,"Abat","NonTumor_Chow_ABAT","B"
"ENSMUSG00000057880","43_2304_NonTumor_Chow_ABAT",20.9223502513432,"Abat","NonTumor_Chow_ABAT","B"
"ENSMUSG00000057880","51_2316_NonTumor_Chow_ABAT",124.937558570765,"Abat","NonTumor_Chow_ABAT","B"
"ENSMUSG00000057880","53_2317_NonTumor_Chow_ABAT",177.414454882201,"Abat","NonTumor_Chow_ABAT","B"
"ENSMUSG00000057880","55_2318_NonTumor_Chow_ABAT",82.9740923070328,"Abat","NonTumor_Chow_ABAT","B"
"ENSMUSG00000057880","59_2323_NonTumor_Chow_ABAT",27.7820844626215,"Abat","NonTumor_Chow_ABAT","B"
"ENSMUSG00000057880","67_2045_NonTumor_Chow_ABAT",78.0325616787257,"Abat","NonTumor_Chow_ABAT","B"
"ENSMUSG00000057880","69_2074_NonTumor_Chow_ABAT",76.3136873697067,"Abat","NonTumor_Chow_ABAT","B"
"ENSMUSG00000057880","5_236_NonTumor_HFD_Control",561.235601559281,"Abat","NonTumor_HFD_Control","A"
"ENSMUSG00000057880","7_283_NonTumor_HFD_Control",586.550173854533,"Abat","NonTumor_HFD_Control","A"
"ENSMUSG00000057880","19_302_NonTumor_HFD_Control",597.089964179068,"Abat","NonTumor_HFD_Control","A"
"ENSMUSG00000057880","21_304_NonTumor_HFD_Control",679.775420390625,"Abat","NonTumor_HFD_Control","A"
"ENSMUSG00000057880","23_305_NonTumor_HFD_Control",601.978365321174,"Abat","NonTumor_HFD_Control","A"
"ENSMUSG00000057880","27_307_NonTumor_HFD_Control",688.549317927155,"Abat","NonTumor_HFD_Control","A"
"ENSMUSG00000057880","37_1995_NonTumor_HFD_Control",152.556281879154,"Abat","NonTumor_HFD_Control","B"
"ENSMUSG00000057880","47_2313_NonTumor_HFD_ABAT",85.0585229491473,"Abat","NonTumor_HFD_ABAT","B"
"ENSMUSG00000057880","57_2320_NonTumor_HFD_ABAT",74.2096595744803,"Abat","NonTumor_HFD_ABAT","B"
"ENSMUSG00000057880","63_2327_NonTumor_HFD_ABAT",54.3027791938285,"Abat","NonTumor_HFD_ABAT","B"
"ENSMUSG00000057880","2_233_Tumor_Chow_Control",437.682151738169,"Abat","Tumor_Chow_Control","A"
"ENSMUSG00000057880","4_234_Tumor_Chow_Control",503.942145801323,"Abat","Tumor_Chow_Control","A"
"ENSMUSG00000057880","14_296_Tumor_Chow_Control",499.540335402951,"Abat","Tumor_Chow_Control","A"
"ENSMUSG00000057880","16_297_Tumor_Chow_Control",474.723682394577,"Abat","Tumor_Chow_Control","A"
"ENSMUSG00000057880","34_1992_Tumor_Chow_Control",575.649687738413,"Abat","Tumor_Chow_Control","B"
"ENSMUSG00000057880","42_2302_Tumor_Chow_Control",214.284687461557,"Abat","Tumor_Chow_Control","B"
"ENSMUSG00000057880","66_2446_Tumor_Chow_Control",165.754746944211,"Abat","Tumor_Chow_Control","B"
"ENSMUSG00000057880","40_1998_Tumor_Chow_ABAT",87.6816211431344,"Abat","Tumor_Chow_ABAT","B"
"ENSMUSG00000057880","44_2304_Tumor_Chow_ABAT",22.0840755423679,"Abat","Tumor_Chow_ABAT","B"
"ENSMUSG00000057880","46_2307_Tumor_Chow_ABAT",30.1037034414635,"Abat","Tumor_Chow_ABAT","B"
"ENSMUSG00000057880","68_2045_Tumor_Chow_ABAT",115.732811800399,"Abat","Tumor_Chow_ABAT","B"
"ENSMUSG00000057880","6_236_Tumor_HFD_Control",296.651870100052,"Abat","Tumor_HFD_Control","A"
"ENSMUSG00000057880","8_283_Tumor_HFD_Control",234.706582723675,"Abat","Tumor_HFD_Control","A"
"ENSMUSG00000057880","10_284_Tumor_HFD_Control",340.230421022666,"Abat","Tumor_HFD_Control","A"
"ENSMUSG00000057880","20_302_Tumor_HFD_Control",301.946192665063,"Abat","Tumor_HFD_Control","A"
"ENSMUSG00000057880","22_304_Tumor_HFD_Control",370.440314651123,"Abat","Tumor_HFD_Control","A"
"ENSMUSG00000057880","24_305_Tumor_HFD_Control",285.665340928222,"Abat","Tumor_HFD_Control","A"
"ENSMUSG00000057880","28_307_Tumor_HFD_Control",365.40233347935,"Abat","Tumor_HFD_Control","A"
"ENSMUSG00000057880","32_1874_Tumor_HFD_Control",464.35438295971,"Abat","Tumor_HFD_Control","B"
"ENSMUSG00000057880","38_1995_Tumor_HFD_Control",483.126984090237,"Abat","Tumor_HFD_Control","B"
"ENSMUSG00000057880","58_2320_Tumor_HFD_ABAT",80.3238343690729,"Abat","Tumor_HFD_ABAT","B"
"ENSMUSG00000057880","62_2324_Tumor_HFD_ABAT",14.1366841781729,"Abat","Tumor_HFD_ABAT","B"
"ENSMUSG00000057880","64_2327_Tumor_HFD_ABAT",139.394489898927,"Abat","Tumor_HFD_ABAT","B"
