,protein_coding,lncRNA,processed_pseudogene,Other,miRNA,tRNA,snoRNA,snRNA,rRNA,transcribed_unprocessed_pseudogene,ribozyme,scaRNA,transgene
233_NonTumor_Chow_Control,12562,1566,867,125,31,14,12,2,4,4,0,0,0
233_Tumor_Chow_Control,12994,2008,943,524,33,14,13,14,4,5,0,0,0
234_NonTumor_Chow_Control,12482,1594,889,103,30,18,6,3,4,4,0,0,0
234_Tumor_Chow_Control,12748,1650,866,137,29,16,4,4,4,4,0,0,0
236_NonTumor_HFD_Control,12710,1520,858,128,31,13,8,4,4,2,0,0,0
236_Tumor_HFD_Control,12711,1413,885,112,29,14,3,3,4,1,0,0,0
283_NonTumor_HFD_Control,12479,1451,833,99,29,16,11,3,4,4,0,0,0
283_Tumor_HFD_Control,12656,1460,875,124,34,12,3,2,4,4,0,0,0
284_NonTumor_HFD_Control,12309,1399,848,99,27,14,4,2,4,3,0,0,0
284_Tumor_HFD_Control,13045,1586,894,135,31,10,7,3,4,6,0,0,0
288_NonTumor_Chow_Control,12192,1469,861,101,30,15,14,1,4,3,0,0,0
288_Tumor_Chow_Control,12511,1500,858,110,29,14,4,1,4,4,0,0,0
296_NonTumor_Chow_Control,12150,1494,857,118,32,16,2,1,4,4,0,0,0
296_Tumor_Chow_Control,12453,1501,890,115,30,14,2,2,4,3,0,0,0
297_NonTumor_Chow_Control,12479,1652,894,138,36,14,13,3,4,3,0,0,0
297_Tumor_Chow_Control,12545,1602,867,104,31,13,4,3,4,4,0,0,0
298_NonTumor_Chow_Control,3483,237,239,75,11,0,0,1,3,0,0,0,0
298_Tumor_Chow_Control,4535,238,311,55,14,3,0,2,3,0,0,0,0
302_NonTumor_HFD_Control,12537,1516,836,96,31,14,12,1,4,4,0,0,0
302_Tumor_HFD_Control,12678,1569,879,96,30,14,3,3,4,4,0,0,0
304_NonTumor_HFD_Control,12279,1504,844,91,30,15,8,3,4,4,0,0,0
304_Tumor_HFD_Control,12827,1622,891,102,31,15,2,2,4,4,0,0,0
305_NonTumor_HFD_Control,12862,1694,895,119,32,15,4,4,4,3,0,0,0
305_Tumor_HFD_Control,12859,1611,922,118,32,14,3,3,4,3,0,0,0
306_NonTumor_HFD_Control,3056,96,207,3,10,2,0,0,3,0,0,0,0
306_Tumor_HFD_Control,3508,117,240,5,12,0,0,0,3,0,0,0,0
307_NonTumor_HFD_Control,12509,1542,834,109,29,16,5,3,4,4,0,0,0
307_Tumor_HFD_Control,12791,1513,838,104,31,15,3,3,4,3,0,0,0
1873_NonTumor_HFD_ABAT,4041,140,271,9,11,3,0,0,3,0,0,0,0
1873_Tumor_HFD_ABAT,6396,706,456,149,13,4,1,8,4,0,0,0,0
1874_NonTumor_HFD_Control,13085,1749,867,152,30,13,13,2,4,3,0,0,0
1874_Tumor_HFD_Control,13131,1709,914,117,33,16,4,4,4,2,0,0,0
1992_NonTumor_Chow_Control,4645,161,324,10,13,3,0,0,3,0,0,0,0
1992_Tumor_Chow_Control,13357,2145,951,542,34,13,14,11,4,6,0,0,0
1993_NonTumor_HFD_ABAT,13195,1681,884,145,31,16,12,2,4,3,0,0,0
1993_Tumor_HFD_ABAT,4783,204,332,33,13,3,0,0,3,0,0,0,0
1995_NonTumor_HFD_Control,4598,178,316,9,13,5,0,0,3,0,0,0,0
1995_Tumor_HFD_Control,12905,1630,877,131,30,13,3,2,4,3,0,0,0
1998_NonTumor_Chow_ABAT,12957,1644,859,170,30,13,4,2,4,4,0,0,0
1998_Tumor_Chow_ABAT,13444,2173,949,566,33,15,13,11,4,5,0,0,0
2302_NonTumor_Chow_Control,12795,1625,934,159,37,11,17,4,4,3,0,0,0
2302_Tumor_Chow_Control,13081,2186,1033,560,40,11,33,18,4,4,0,0,0
2304_NonTumor_Chow_ABAT,12976,1720,945,163,41,16,18,4,4,4,0,0,0
2304_Tumor_Chow_ABAT,13236,2127,961,548,41,14,24,16,4,5,0,0,0
2307_NonTumor_Chow_ABAT,13174,1772,938,193,38,12,20,4,4,5,0,0,0
2307_Tumor_Chow_ABAT,12939,1605,926,147,36,11,16,5,4,4,0,0,0
2313_NonTumor_HFD_ABAT,12700,1602,847,138,27,14,4,2,4,4,0,0,0
2313_Tumor_HFD_ABAT,13081,2014,898,476,34,18,20,8,4,4,0,0,0
2314_NonTumor_Chow_Control,12682,1623,850,151,30,17,1,1,4,5,0,0,0
2314_Tumor_Chow_Control,13032,2034,922,513,33,13,16,11,4,4,0,0,0
2316_NonTumor_Chow_ABAT,12711,1625,890,143,28,13,5,1,4,4,0,0,0
2316_Tumor_Chow_ABAT,13300,2156,955,501,37,13,14,13,4,5,0,0,0
2317_NonTumor_Chow_ABAT,12909,1660,895,119,29,14,8,3,4,3,0,0,0
2317_Tumor_Chow_ABAT,7139,1241,574,300,15,4,12,21,4,0,0,0,0
2318_NonTumor_Chow_ABAT,12849,1594,898,142,31,15,4,4,4,4,0,0,0
2318_Tumor_Chow_ABAT,13336,2160,954,538,31,13,12,14,4,2,0,0,0
2320_NonTumor_HFD_ABAT,13038,1631,855,135,30,13,3,3,4,4,0,0,0
2320_Tumor_HFD_ABAT,13380,2088,892,520,35,15,11,10,4,4,0,0,0
2323_NonTumor_Chow_ABAT,12912,1621,901,150,35,13,14,4,4,3,0,0,0
2323_Tumor_Chow_ABAT,5417,413,381,99,14,6,0,5,4,0,0,0,0
2324_NonTumor_HFD_ABAT,13095,1727,920,169,39,14,19,4,4,3,1,0,0
2324_Tumor_HFD_ABAT,13503,2365,1038,642,37,11,31,14,5,4,1,0,0
2327_NonTumor_HFD_ABAT,12656,1631,857,126,32,15,2,2,4,3,0,0,0
2327_Tumor_HFD_ABAT,13140,1784,978,148,34,16,5,4,4,4,0,0,0
2446_NonTumor_Chow_Control,13017,1658,916,145,36,14,9,3,4,6,0,0,0
2446_Tumor_Chow_Control,13474,2543,1043,615,41,15,34,15,4,3,0,0,0
2045_1997__NonTumor_Chow_ABAT,12881,1715,869,141,28,13,4,2,4,5,0,0,0
2045_1997__Tumor_Chow_ABAT,12790,1484,825,83,31,9,1,1,4,3,0,0,0
2074_1996__NonTumor_Chow_ABAT,12932,1682,847,144,29,14,4,1,4,5,0,0,0
2074_1996__Tumor_Chow_ABAT,12974,1614,844,112,30,14,4,3,4,4,0,0,0
