,Uniquely Mapped,Multi-mapped,Unmapped
233_NonTumor_Chow_Control,15495980,2752734,305716
233_Tumor_Chow_Control,16425272,2367593,366598
234_NonTumor_Chow_Control,15720583,3121820,452300
234_Tumor_Chow_Control,15942748,3039602,301730
236_NonTumor_HFD_Control,17440292,2616119,301034
236_Tumor_HFD_Control,16269895,2425281,316927
283_NonTumor_HFD_Control,16022750,3183692,345652
283_Tumor_HFD_Control,16004638,2386182,287399
284_NonTumor_HFD_Control,15516304,2630122,349530
284_Tumor_HFD_Control,16976768,2728102,292394
288_NonTumor_Chow_Control,15105295,3120144,449338
288_Tumor_Chow_Control,16714114,2955840,411893
296_NonTumor_Chow_Control,15644072,3146037,387735
296_Tumor_Chow_Control,15926780,2567563,413989
297_NonTumor_Chow_Control,16487150,3034181,394199
297_Tumor_Chow_Control,16803101,2957888,380326
298_NonTumor_Chow_Control,1651992,110992,139946
298_Tumor_Chow_Control,1584634,124555,201248
302_NonTumor_HFD_Control,15950846,2900170,354544
302_Tumor_HFD_Control,16879726,2760414,296842
304_NonTumor_HFD_Control,15664896,2911063,309641
304_Tumor_HFD_Control,17305012,2821709,259826
305_NonTumor_HFD_Control,15819072,2768656,422630
305_Tumor_HFD_Control,16690454,2788207,421658
306_NonTumor_HFD_Control,312017,43740,102215
306_Tumor_HFD_Control,415283,59814,107976
307_NonTumor_HFD_Control,15582050,3261832,316039
307_Tumor_HFD_Control,16172653,2636916,257946
1873_NonTumor_HFD_ABAT,780407,99260,162499
1873_Tumor_HFD_ABAT,3370189,254109,333848
1874_NonTumor_HFD_Control,16095521,2838162,220228
1874_Tumor_HFD_Control,17027405,3014574,281138
1992_NonTumor_Chow_Control,719854,107893,170016
1992_Tumor_Chow_Control,17490278,2620171,345959
1993_NonTumor_HFD_ABAT,15767290,2921726,270612
1993_Tumor_HFD_ABAT,1244078,120134,193537
1995_NonTumor_HFD_Control,767214,103606,179757
1995_Tumor_HFD_Control,16822273,2464055,288227
1998_NonTumor_Chow_ABAT,16583112,2900554,260545
1998_Tumor_Chow_ABAT,16419732,2665492,286582
2302_NonTumor_Chow_Control,16747335,2692952,289022
2302_Tumor_Chow_Control,17154273,2499541,390814
2304_NonTumor_Chow_ABAT,16239391,2719697,429043
2304_Tumor_Chow_ABAT,16384484,2520313,357161
2307_NonTumor_Chow_ABAT,16670562,2792898,266535
2307_Tumor_Chow_ABAT,15867199,2793563,282834
2313_NonTumor_HFD_ABAT,16274037,2586963,261818
2313_Tumor_HFD_ABAT,17388517,2602491,286776
2314_NonTumor_Chow_Control,16463517,2858762,265542
2314_Tumor_Chow_Control,16221060,2343033,321126
2316_NonTumor_Chow_ABAT,16643935,2772858,311149
2316_Tumor_Chow_ABAT,16436448,2398002,350783
2317_NonTumor_Chow_ABAT,16956185,2793662,257550
2317_Tumor_Chow_ABAT,6996353,419322,405091
2318_NonTumor_Chow_ABAT,15749822,2521149,396127
2318_Tumor_Chow_ABAT,16438281,2281833,301899
2320_NonTumor_HFD_ABAT,16034141,2509798,195403
2320_Tumor_HFD_ABAT,16959187,2459654,354327
2323_NonTumor_Chow_ABAT,15900084,2836747,277133
2323_Tumor_Chow_ABAT,2586589,183745,280403
2324_NonTumor_HFD_ABAT,16245647,2912936,320271
2324_Tumor_HFD_ABAT,17150939,2414155,337474
2327_NonTumor_HFD_ABAT,15897493,2695976,338598
2327_Tumor_HFD_ABAT,16780917,3027545,466051
2446_NonTumor_Chow_Control,15820381,2659655,271128
2446_Tumor_Chow_Control,16277446,2353652,325905
2045_1997__NonTumor_Chow_ABAT,16991049,2882267,254880
2045_1997__Tumor_Chow_ABAT,15645114,2862819,287561
2074_1996__NonTumor_Chow_ABAT,16274052,2770142,262086
2074_1996__Tumor_Chow_ABAT,16735406,3127295,288482
